G547N;G547T;G659N;G659T;G691N;G691T;G696N;G696T;G761N;G761T;G220N;G220T;G871N;G871T;G701N;G701T;G576N;G576T;G652N;G652T;G699N;G699T;G850N;G850T;G013N;G013T;G603N;G603T;G026N;G026T;G575N;G575T;G613N;G613T;G702N;G702T;G623N;G623T;G645N;G645T;G529N;G529T;G648N;G648T;G601N;G601T;G727N;G727T;G001N;G001T;G243N;G243T;G531N;G531T;G612N;G612T;G428N;G428T
865;3343;6692;1464;1456;5342;588;434;4513;34;667;2520;10167;3996;4113;687;810;4990;5505;5193;9;1502;1962;2390;2610;1780;5008;1030;580;3459;6731;314;3671;1512;3276;447;4910;2744;5876;37;3877;3174;7516;116;4930;1722;3755;68;267;12121;56824;14398;16115;39196;5293;198;38;1422
3;12;73;12;6;32;2;0;199;4;7;88;173;22;30;1;12;99;30;15;0;18;10;19;105;58;71;18;21;732;738;42;1051;98;476;5;568;184;643;;175;648;767;4;48;212;76;6;3;2;237;80;103;164;100;18;14;1
975;4217;24286;2536;1759;4551;508;980;6162;102;918;6996;18110;5404;8862;995;2790;41617;4912;5152;33;3398;1455;2220;12481;12729;21641;3030;8320;108332;43582;938;33730;5685;40209;654;80226;15489;55768;99;31744;102358;71032;184;5486;28274;6932;401;1162;14471;59593;24097;15126;73139;5949;669;103;2492
15;8;119;8;11;29;3;5;116;2;12;49;233;24;40;3;18;148;27;14;0;5;17;16;180;54;288;4;63;308;468;12;479;51;396;8;470;106;686;;129;334;673;1;65;189;83;5;18;34;430;115;155;230;64;4;194;15
828;519;6413;297;713;673;339;749;2002;28;303;2839;3294;4118;5929;999;1251;4664;2973;1274;23;168;476;584;1816;2210;3278;1697;573;5775;4670;130;2203;762;3096;157;5162;974;4537;34;3217;1711;5675;22;1411;3127;3477;199;371;3186;37225;1454;10206;5883;2966;167;25;321
0;0;1;0;0;0;0;0;3;0;;2;3;0;0;0;0;3;0;0;0;0;0;0;0;3;3;0;0;8;20;;2;;6;;1;1;18;;6;4;11;;1;2;5;;1;;4;1;;1;;;;
71;398;1890;285;188;169;47;13;719;2;35;84;1425;109;507;40;98;6649;364;248;1;276;204;822;621;3978;1078;32;1447;2618;3154;11;2124;1885;1684;197;5535;8359;2000;1;12669;2909;4874;6;380;2360;365;3;25;529;5420;2849;938;4937;362;21;96;154
3;1;41;1;8;2;2;2;38;;20;21;77;26;19;5;24;15;8;2;0;2;18;2;88;13;187;6;36;74;287;0;222;20;242;4;294;15;264;0;73;95;250;4;40;35;51;21;7;14;265;26;61;18;26;2;1;
169;244;5801;58;308;512;121;299;1912;20;95;1342;2943;1631;1089;160;151;2374;788;556;9;268;204;220;3255;990;5768;927;1319;9895;11765;98;8011;278;9964;36;21923;1026;13716;172;4659;10326;14414;312;972;812;1498;38;33;4250;9734;942;2755;2388;733;69;4;25
0;0;7;0;1;3;0;0;14;;1;4;4;1;9;3;1;6;1;1;0;1;1;;10;1;22;2;3;38;68;0;65;0;38;1;42;1;84;0;8;53;78;2;5;2;5;;;1;20;2;15;7;3;;;
569;1739;14486;627;1134;5631;358;117;4252;24;402;736;8014;1209;5765;400;192;16395;3497;5287;1;1103;1148;1619;5662;3569;6324;341;2699;20389;23502;152;24312;3745;17660;312;37513;11095;12618;5;19134;26601;28917;58;3860;1905;2423;35;53;7172;40307;6143;7986;10385;2260;52;19;310
1;3;18;6;8;8;0;0;45;0;4;14;35;3;11;1;1;28;1;6;0;4;1;9;25;14;31;3;11;105;277;5;302;60;97;8;205;71;147;0;39;139;167;1;8;90;27;1;;;82;35;26;40;21;5;2;
0;0;3;1;1;2;0;0;7;0;;5;4;0;6;2;1;7;2;;0;0;0;0;7;5;3;0;2;38;24;0;41;6;16;1;17;10;20;0;8;41;47;;2;3;1;;;;11;4;10;8;5;;3;1
447;737;4062;253;493;3889;124;61;1045;24;57;197;2086;203;1704;117;173;4141;1922;3760;8;604;421;274;2392;1305;1295;37;832;6886;4097;22;6926;1483;5677;104;8095;4956;3468;9;5823;8571;7199;8;1323;734;610;5;36;1407;17986;1463;2678;3444;455;13;126;2081
0;1;4;;1;5;0;1;2;0;;5;2;0;2;0;;2;2;;0;2;0;0;2;0;6;0;1;78;18;1;19;1;14;0;23;2;9;0;;80;34;;3;6;1;;;8;21;;1;10;1;1;;
241;1117;3867;539;447;1424;89;90;639;15;201;680;1651;319;2958;206;304;7563;912;2864;7;1284;386;574;3507;5536;4983;307;2923;23552;5654;114;5481;2937;8877;421;11665;7416;3662;13;3655;33659;5080;15;602;2609;738;132;174;9452;16844;5920;1555;5674;433;53;6;151
1;7;18;7;8;0;2;3;15;0;1;28;23;1;7;1;6;28;4;4;0;11;4;0;92;43;74;7;22;265;85;3;101;16;94;3;110;28;54;3;9;283;66;;7;21;21;2;15;29;169;49;21;23;2;;11;1
151;13;3835;0;127;17;36;29;409;0;1224;5;674;86;1046;146;71;111;352;39;0;0;15;5;1585;51;1713;24;199;296;4498;0;7328;1;3462;4;11508;55;1345;0;255;1733;3989;2;294;31;447;14;9;179;10200;7;720;56;82;1;;
233;41;351;7;54;17;12;4;425;2;9;114;429;40;88;5;169;945;686;59;41;13;17;33;304;718;537;6;819;282;969;6;1337;232;1122;16;902;821;1695;1;5285;1373;2893;3;364;893;268;7;648;22;6560;1593;918;511;226;5;1152;65
0;0;0;0;0;0;0;0;0;0;1;0;0;0;0;0;0;0;1;1;0;0;0;0;0;1;0;0;0;0;0;0;2;0;2;0;0;1;0;0;2;5;7;;;;;;;;3;;4;;;;;
159;254;807;156;162;588;76;11;356;1;17;137;383;41;586;35;270;652;809;382;13;533;147;50;1462;604;317;19;522;1565;573;5;2641;283;1622;26;1783;580;1120;11;1110;2134;2397;7;547;629;137;17;30;348;4219;300;817;299;93;6;22;12
3;8;26;2;7;2;11;1;6;;0;5;7;2;4;0;9;16;33;3;0;4;3;;37;5;23;1;12;19;32;0;78;4;35;0;29;9;59;0;14;48;105;2;10;8;15;;5;12;81;3;21;;5;;;
7;114;51;81;63;87;8;2;129;6;4;24;127;28;46;2;20;120;33;59;0;86;138;81;100;46;6;10;2;57;13;12;17;90;95;8;20;63;32;3;29;92;19;1;218;199;55;;3;181;51;21;11;123;12;;1;
0;0;0;0;0;0;0;0;0;0;0;0;0;0;0;0;0;1;0;0;0;0;0;0;0;0;0;0;0;0;0;0;0;5;0;0;0;0;0;0;;;;;;;;;;;;;;;;;;
0;0;0;0;0;0;0;0;0;0;0;0;0;0;0;0;0;0;0;0;0;0;0;0;0;0;0;0;0;0;0;0;0;1;0;0;0;0;0;0;;4;;;;;;;;2;;;;;;1;;
;;;2;0;3;1;0;0;0;0;1;0;0;0;0;;;;;0;0;2;0;0;1;0;0;0;0;0;0;0;0;0;0;0;0;0;0;;1;;;;3;;;4;55;47;9;5;6;15;;;
;;;;1;16;0;0;0;0;0;0;1;0;0;0;;2;1;2;0;0;0;1;0;0;0;0;0;0;0;0;0;0;1;0;0;5;1;0;1;;;;1;2;;;;;1;;;2;;;;
8;28;68;22;8;67;1;0;38;0;6;29;66;3;51;3;20;142;16;61;1;35;88;53;105;51;43;5;65;1293;78;6;198;141;288;7;338;172;64;0;113;739;120;2;47;274;24;;2;67;495;227;108;212;21;3;1;2
2;289;7;3;0;4;1;1;25;1;6;20;23;3;12;1;5;13;9;9;0;12;17;7;17;13;26;1;6;229;32;3;42;20;53;2;38;33;33;1;9;84;45;1;23;20;18;1;1;25;44;19;14;31;13;6;1;
35;73;68;105;56;42;4;1;67;2;25;51;54;16;62;17;41;215;63;72;3;157;398;592;70;253;28;4;141;57;22;9;32;264;56;68;41;410;34;0;305;55;46;2;117;332;59;5;13;94;133;590;65;226;65;3;3;5
56;;489;9;19;120;7;12;670;3;12;618;437;84;69;9;32;564;104;145;1;125;49;23;488;135;232;89;206;952;1095;10;702;96;1084;19;860;1111;376;2;3639;1558;1179;8;630;259;19;1;9;82;4055;131;1306;317;357;3;;15
;2;6;1;2;3;2;0;145;;3;7;48;1;1;0;;3;8;2;0;1;2;;15;7;37;2;4;14;160;1;34;3;32;0;19;17;64;;34;31;228;;22;;5;1;;;42;2;32;4;84;;;
101;22;2066;16;69;81;20;19;170;2;6;184;791;23;892;21;77;536;203;45;2;46;46;27;2390;187;951;42;501;1345;3147;7;3648;137;2455;14;6062;497;1894;5;5361;1408;5149;5;701;236;376;7;24;387;3569;58;815;425;159;5;19;1
;;5;;12;;1;0;78;;3;1;219;;7;1;3;1;14;;0;1;1;;50;1;326;1;13;9;660;0;74;8;25;;64;2;548;0;31;11;892;;28;2;203;;31;4;45;;18;2;66;;;
;1;;;;;;;1;;0;0;1;;1;0;;5;;;;;3;5;2;55;1;1;23;11;0;0;3;2;1;14;2;;1;;7;3;6;;;12;;1;;7;1;28;1;8;1;;;
;;;;;;;;;;0;0;;;;0;;;;;;;;;0;0;0;0;0;0;0;0;0;0;1;0;0;0;0;0;;;;;;;;;;;;;;;;;;
;;;;;;;;;;0;1;;;;0;;;;;;;;;0;0;0;0;0;1;0;0;0;0;0;0;0;0;0;0;3;;;;;;;;;2;;;;;;;;
;;;;;;;;1;;0;0;;;;0;;;;;;;;;0;0;0;0;1;0;0;0;1;0;0;0;0;0;0;0;11;1;;;7;;;;1;43;3;;5;;;;;
;;;;;;;;;;0;0;;;;0;;;;;;;;;0;0;0;0;0;0;0;0;0;0;0;0;0;0;0;0;;;;;;;1;;;;1;;;;;;;
;;;;;;;;;;0;0;;;;0;;;;;;;;;0;0;0;0;0;0;0;0;0;0;0;0;0;0;0;0;;;;;;;1;;;;;;;;;;;
;;;;;;;;;;0;0;;;;0;;;;;;;2;;0;0;0;0;3;1;0;0;1;;1;;3;0;0;0;1;;;;;;;;;;2;;1;;;;;
;;;;;;;;;;0;1;;;;0;;;;;;;;;1;1;0;0;0;1;0;0;;;;1;;3;0;0;1;1;;;;1;;;;;;;;2;;;1;
;1;1;;1;1;;;1;;0;1;1;;;0;;;;;;;1;;0;1;1;1;2;17;0;0;4;5;9;0;2;7;3;0;;16;;;;3;1;1;;;2;2;;2;;;;
;1;;;1;;;;;1;0;0;;1;;0;;;;1;;1;1;1;0;0;2;3;0;12;0;0;4;;6;0;15;4;1;3;1;10;;;;3;;;;4;5;3;;3;;3;;
;;;;;;;;;;0;0;;;;0;;;;;;;;;1;0;0;0;0;3;0;0;0;0;0;0;1;;;;;1;;;;;;;;;;;;;;;;
;;;;;;;;;;0;0;;;;0;;2;;;;;;;0;0;1;0;0;1;0;0;0;0;0;0;1;;1;;;1;;;;1;;;;1;1;;;;;;;
;;;;;;;;;;0;1;;;;0;;;;;;;;;0;1;;0;0;2;0;0;0;0;0;0;;;;;;;;;;;;;;;;1;;;;;;
;;;;;;;;;;0;;;;;0;;;;;;;;1;0;1;1;0;1;9;0;0;;;1;0;1;1;2;;1;;;;;2;;;;;;;;1;;;;
1;8;;;;2;;;;;0;3;27;;1;1;3;10;;1;;3;;;0;3;1;0;2;8;0;0;24;2;8;0;0;14;1;;5;12;3;;1;;;;12;685;16;3;;3;;;;
;;;;;;;;;;0;0;;;;0;;;;;;;;;0;0;0;0;0;1;0;0;0;0;0;0;0;0;0;0;;;;;;;;;;3;;;;;;;;
2;2;5;;6;3;;;26;2;0;9;18;2;6;0;8;3;5;5;1;1;;1;22;6;104;2;4;93;91;1;54;6;25;0;53;7;133;;11;50;163;;15;44;23;;43;23;122;9;5;14;11;;;
135;90;1048;17;165;48;79;15;503;2;76;294;606;86;585;31;426;105;431;61;14;215;61;20;2554;138;1614;57;97;2308;1258;8;3549;12;1899;4;3571;43;3774;4;109;2116;3892;5;1045;83;385;15;277;358;5678;19;1573;45;224;5;20;1
1038;381;8036;99;566;105;391;126;3990;19;195;1299;5409;614;4481;329;5007;1463;2595;201;94;902;442;101;15099;2249;7859;206;557;10374;12838;15;46295;68;24676;26;24188;400;23106;13;1617;10122;30072;6;11698;1134;2113;85;1981;164;49460;101;20860;167;1828;27;106;1
2;;12;;4;;;;11;0;0;1;2;1;2;0;;1;5;1;;;;;7;;25;1;2;20;31;;29;3;35;;29;;40;;11;20;46;;4;8;7;;33;1;109;3;10;2;3;;;
2;;15;1;5;1;;;11;0;0;6;21;1;8;0;2;58;15;;;1;1;1;32;24;35;1;10;193;76;;116;16;56;;61;28;115;;32;30;112;;17;44;23;1;10;1;89;1;13;4;5;;;
379;121;3833;81;691;649;84;37;1908;3;155;362;1471;329;1395;81;248;1136;1160;460;6;52;439;160;5222;1646;4558;101;1209;5443;10846;64;8751;800;17487;67;14472;1936;6420;1;3987;9016;12004;8;1043;220;1698;43;12;245;8116;220;2242;832;799;18;377;80
60;44;1620;33;164;48;30;16;2420;3;217;459;1354;346;1344;98;34;551;293;47;2;13;356;94;3648;959;3388;84;842;3633;16924;115;10924;600;20780;53;10957;1739;10840;1;3053;7217;17003;5;708;71;2134;44;9;23;3952;81;2576;515;1438;15;3;
0;0;0;0;0;0;0;0;0;0;0;0;0;0;3;0;0;0;0;0;0;0;0;0;0;0;0;0;0;0;0;0;0;0;0;0;0;0;0;0;0;0;0;0;0;0;0;0;0;0;0;0;0;0;0;0;0;0
15;34;158;2;48;42;2;38;47;11;7;154;139;87;124;14;231;126;27;34;3;6;9;7;104;142;133;93;35;953;226;6;593;45;501;;730;118;277;15;91;1352;232;1;33;166;74;13;278;256;572;37;41;109;14;10;1;
;3;5;;2;3;;;;1;1;;5;1;4;1;10;5;2;2;;;;1;1;2;4;4;2;32;11;;18;1;22;;29;3;6;2;4;59;10;;3;15;4;2;15;23;26;2;;5;;;;
;;;;;;;;;0;;;;;4;;;;;;;;;;;;;;;;;;;;;;;;;;;;;;;;;;;;;;;;;;;
6;18;33;33;7;16;2;1;36;1;5;29;44;3;12;6;6;579;9;14;;48;11;74;35;88;30;5;183;476;63;4;196;386;153;69;88;2236;69;;1022;503;89;;27;166;8;;1;85;137;245;36;624;20;4;;3
2;;3;;;;;;;0;;1;2;;;;;;1;;;;;;7;5;2;1;2;;1;;;;;;;1;;;2;1;1;1;2;1;10;;1;12;2;;;;3;;10;
;;6;;;;;;2;0;;3;1;1;;;;2;;;;;;;4;1;10;2;2;16;123;;24;4;21;;8;;9;;38;4;7;1;4;1;6;1;5;78;13;;16;;12;;;
;;;;;;;;;0;;;;;;;;;;;;;;;;;;;;;;;;;;;;;;;;;;;3;;;;;3;2;1;2;;5;;;
144;235;1534;173;300;234;44;42;727;11;36;801;1346;164;759;58;299;1041;656;369;12;504;47;159;6054;2997;11326;202;1603;4617;4245;40;5124;169;2257;62;4581;613;3947;58;1051;3499;10086;23;1093;674;1415;72;174;1267;10728;2563;795;896;508;32;7;
;;1;1;;;;;2;0;;;3;;;;1;2;;;;;;3;;;;;;;;;;1;;;;;;;;;;;;;;;;;;;;;1;;;
3;42;24;20;12;74;1;5;46;6;1;145;83;12;16;1;11;92;8;83;1;59;12;17;37;59;139;76;14;1094;104;8;71;50;79;5;219;114;77;22;347;640;92;8;28;127;14;9;8;892;732;198;9;101;33;12;;1
;1;1;1;;1;;;7;;;7;5;2;2;;1;18;1;4;;4;1;16;4;11;4;3;5;78;5;;20;16;12;7;17;51;8;;177;55;3;;4;24;;1;;23;41;35;3;20;3;;4;10
8;6;48;6;14;5;2;;9;;1;16;21;1;31;6;2;64;13;12;;11;2;1;31;17;33;5;9;356;88;1;113;33;192;3;273;64;42;;47;322;82;1;6;52;8;;;6;223;16;27;60;;1;;
;1;9;1;2;6;3;;12;;1;2;19;;8;2;3;19;7;9;1;;;1;41;27;38;1;10;70;87;1;72;13;109;;75;32;58;1;14;72;97;1;4;14;14;;1;7;81;11;9;13;6;;;
10;2;14;;15;;3;1;6;;201;;9;2;26;8;37;2;38;;1;;;3;17;;16;6;10;2;20;1;24;;22;;21;;13;1;1;10;6;;11;2;8;;;5;29;1;9;3;3;;;
1;;10;;11;;2;;6;;137;1;3;;10;2;14;1;15;;;;;;17;1;5;;13;;3;;5;;18;;5;2;5;;;1;6;;3;2;11;;;;7;;2;1;;;;1
;1;;;6;;;;1;;;;4;;4;1;9;4;2;1;;;;1;3;7;5;1;3;24;5;;21;8;11;;24;7;8;1;3;21;5;;2;16;2;;12;4;15;3;1;10;;;;
;6;3;1;;2;12;;187;;;5;32;;4;;8;14;;;;1;2;;;;3;1;2;73;1;1;3;2;151;;3;4;9;;1057;58;91;;287;21;;;;12;770;6;408;12;289;;;38
;;;;;;;;2;;;1;;;;;;;;;;;;;;;;;;;;;;;;;;;;;10;;4;;1;;;;;4;;;4;;;;;
2;120;2;12;;59;2;;71;;;42;25;3;1;;2;563;;12;;15;4;43;6;20;1;5;1;799;;1;13;31;6;11;8;118;28;1;144;749;64;;67;84;1;;;28;136;139;123;535;46;1;;1
1;1;;;;1;;;;;;;;;;;;;;1;;;;1;;;;;;5;;;;;;;;;;;;3;;;;;;;;;;;;2;;;;
3;12;72;1;32;24;2;2;20;;1;53;50;7;25;6;74;70;5;12;1;1;6;4;76;109;30;16;28;530;84;1;212;23;231;2;338;56;87;2;50;1236;137;;12;94;38;1;19;75;352;14;40;46;13;1;21;
1;1;9;3;2;2;;3;8;1;1;5;3;11;5;;5;11;4;5;;1;;2;18;19;6;3;5;33;35;;157;17;86;;43;21;23;1;23;54;26;;5;6;5;1;3;7;28;3;8;5;2;1;13;
;2;1;;;3;;;1;;;;2;;5;;;1;;;;4;;;;3;;;;8;;;3;;;;1;;;;;16;1;;;;;;;15;3;;;4;;;;
1;;;1;;2;;;;1;;;;;;;2;1;;2;;3;5;;;1;;;;12;;;4;1;1;;1;1;1;;1;11;;;5;4;;;;4;3;2;;6;1;;;
;;;;;1;;;;;;;;;;;;;;;;;;;;;;;;;;;;1;;;;;;;;2;;;;1;;;;1;;;;;;;;
;;11;;;;;;1;;1;;;1;2;;8;3;2;;1;1;1;;8;;8;1;3;8;19;;;;34;;41;;3;;11;10;5;;1;;3;;2;31;135;;12;;1;;;
10;;49;;9;;;;7;;3;7;9;8;30;;12;19;13;;;;12;1;51;34;33;3;80;38;85;1;73;5;141;;266;29;34;;112;41;39;;13;3;12;7;1;40;379;7;33;6;6;;1;
40;12;181;10;101;37;21;5;164;;5;16;104;13;53;5;45;213;252;35;5;107;15;10;164;42;257;3;58;421;289;;286;30;186;1;638;162;297;2;155;884;583;;58;167;37;2;48;45;1399;56;102;114;26;3;68;17
30;29;324;26;102;11;53;2;157;1;8;18;213;20;245;15;79;92;132;12;3;24;14;4;297;71;302;7;79;326;1421;3;1189;126;551;3;1204;93;681;8;247;581;1824;1;84;177;276;1;47;21;1470;36;226;50;55;1;18;
;206;;200;5;1292;16;7;495;12;;149;165;13;2;2;2;925;3;312;4;468;38;429;;142;4;23;14;5576;5;48;11;447;29;62;31;351;44;4;1276;2039;212;5;400;567;1;1;3;;1287;708;356;1344;331;11;;3
;7;;9;;13;1;;7;;;8;5;;;;;67;;2;;16;;6;;6;;1;1;209;;3;;86;;6;;80;2;;74;43;4;1;7;32;;;;;10;48;7;135;4;;;30
4;318;300;588;164;209;33;10;93;;11;197;88;41;154;73;35;2015;90;411;8;4047;119;244;121;1290;36;21;106;3348;167;21;399;3167;1137;148;783;7640;172;19;517;5334;121;6;179;1968;32;4;4;247;997;1132;231;2339;38;20;14;89
5;17;99;42;28;1330;4;56;422;55;51;1299;176;592;23;50;17;623;28;2810;1;141;330;95;121;551;107;126;65;2899;415;594;706;3641;2196;130;593;5939;797;33;159;8665;344;78;250;796;64;63;2;853;611;311;365;602;227;1046;16;21
6356;2095;51377;309;17214;971;2433;263;22869;46;872;814;17153;1067;24433;1658;11170;6554;11547;935;298;313;1403;710;109216;15690;72831;737;52359;16974;162350;353;407388;5517;233496;575;290717;6716;78022;305;26392;38740;73704;48;17762;9774;26740;246;793;1496;376078;5335;28210;5253;6252;97;42;5
4;20;115;6;104;1;14;;13;;;4;8;2;11;1;5;15;24;1;3;17;;;26;8;17;3;19;44;7;;20;;19;3;65;7;14;;35;64;36;;6;24;20;;2;15;83;10;3;8;3;1;;
55;101;196;197;86;30;69;3;279;1;364;7;41;10;24;8;42;13;355;50;7;96;4963;388;285;273;203;11;1552;3058;313;56;341;146;2843;191;2609;284;268;1;454;623;66;4;947;48;24;2;11;3;2273;297;756;172;417;;;1
;8;3;2;;1;2;;2;;;;;;;;;;8;2;;2;10;3;2;;3;1;3;18;1;;;;2;;4;1;2;;5;3;;;6;;;;;;6;;4;1;1;;;
413;2872;3504;904;961;169;167;73;3907;32;71;1328;2814;316;2211;212;1121;38261;1330;115;39;1525;135;8908;9455;95140;8498;349;359582;10399;15128;138;18417;29190;18860;3376;12949;102675;20416;137;172452;13935;22040;26;1446;38519;5352;98;329;2303;32968;23904;3618;55799;2080;100;1;5
29;16;302;9;73;3;19;2;508;1;9;13;396;22;222;28;100;230;113;3;2;11;13;24;952;458;750;7;1401;248;2196;5;5153;135;2392;12;2111;242;1664;6;888;533;1090;1;265;143;318;5;6;19;1847;55;414;145;147;1;5;
4;88;1;50;21;25;2;1;10;1;2;30;7;8;6;5;13;15;21;78;;237;3;15;18;57;24;19;3;676;37;3;37;468;98;13;76;649;70;6;24;865;44;;35;283;10;2;6;54;260;203;34;248;6;4;;12
;;;;;;;;1;;;;1;;;;;;;;;;;;;;;;;1;;;;6;;;;;;;;10;;;;;;;;;1;;;1;;;;
;;;;;;;;;;;2;;;;;;;;;;;;;;;2;;;2;;;;1;;;;1;1;;;5;;;;;;;;;;1;1;;;;;
;26;4;12;10;31;8;;7;;;24;11;2;11;2;2;32;3;53;1;63;2;8;14;27;3;5;;626;21;2;42;130;278;7;101;442;51;;41;1020;59;1;41;146;;2;5;35;342;90;36;182;5;1;1;17
2;3;;2;;26;;;6;4;;24;1;;;;1;35;;50;;91;1;18;2;5;;26;4;309;3;3;3;27;5;;1;31;5;4;3;106;2;7;;20;;;3;18;18;31;2;6;2;8;;
6;21;62;47;11;24;3;1;65;1;;37;35;5;81;9;25;152;7;56;2;56;7;6;25;31;11;5;8;1110;40;1;92;134;129;7;187;885;112;2;214;2151;169;1;20;204;6;3;6;10;585;77;111;69;42;6;6;5
;1;;;;;;;2;;;1;1;;;;;1;;;;;;;;4;;1;1;10;;2;4;7;2;;;14;3;;2;7;1;;1;7;;;1;;3;2;1;3;1;;;
2;2;67;14;25;14;4;;20;;1;19;29;1;45;6;24;65;9;5;;5;13;4;42;18;15;;6;336;55;;114;32;110;1;271;81;38;;77;312;55;;20;57;15;1;3;19;362;29;55;21;12;1;2;
;1;1;;1;;;;;;;;;;;;;;1;;;;;;;3;;;;1;;;1;;;1;;4;;;;;;;;;;;;1;;;;;;;;
4;3;10;4;1;;;;13;;1;16;11;2;4;4;8;159;5;;;80;1;15;30;115;19;6;40;557;42;2;48;138;49;2;47;117;51;1;101;212;28;3;11;34;10;;4;26;54;93;15;181;12;1;3;8
;;;;;;;;;;;;;;;;;;;;;;;;;;;;;1;;;;;;;1;;;;1;3;;;;;;;;2;1;;;;;;;
23;5;105;30;24;130;8;2;100;3;14;404;39;74;28;21;51;1518;44;156;;368;47;74;183;1273;206;12;557;1041;298;13;293;1758;907;76;232;7069;174;3;821;1282;125;4;109;2416;28;1;3;26;348;354;181;1099;26;13;1;207
;;1;;;1;;;1;;;2;;1;;;;1;;;;;;;1;;;1;;5;2;;2;;2;;2;3;1;1;1;3;;;;1;;;;1;2;;1;;1;;;
22;23;146;25;49;159;11;18;107;16;9;106;156;39;101;13;44;262;82;82;;67;13;23;184;72;214;44;59;1981;821;54;848;248;756;4;660;188;643;7;256;1612;876;13;60;313;117;2;63;556;572;103;103;292;85;25;;
275;94;3177;86;338;1087;46;108;2985;44;35;1390;2294;512;1650;106;615;2050;478;469;28;117;249;188;3791;775;3560;280;914;11367;6981;145;9188;714;7879;54;13688;2108;7532;317;3952;12053;13879;86;1382;2953;2228;74;405;1509;15144;784;3086;1486;881;223;78;52
15;15;211;9;54;17;4;2;25;;2;14;50;6;94;9;48;103;40;14;1;30;2;9;136;22;60;11;21;528;164;1;267;23;344;1;602;40;77;1;61;719;138;2;36;108;29;1;2;6;674;33;49;85;7;;2;2
;;8;;1;1;;;1;;;;3;1;9;1;;11;2;;;1;;2;8;1;2;;2;15;7;;45;7;16;;28;5;3;;13;18;13;;1;1;6;;2;2;27;1;23;2;;;;
1;2;12;;6;2;;1;5;;;6;5;;10;6;6;3;2;;;;1;2;7;10;3;;5;55;3;;32;4;22;;25;12;13;;14;91;19;;1;11;3;;;;34;4;7;5;1;;;
;1;5;1;1;;1;;3;;;2;5;1;;;;1;2;;;;;2;2;5;1;1;;9;4;;19;1;10;;7;7;6;;2;24;4;;;4;;;;;7;;1;4;;;3;
4;42;33;14;9;742;1;6;22;1;;14;34;23;19;13;3;312;13;1289;1;218;6;48;32;203;17;14;9;652;60;14;85;838;200;28;137;1076;68;;48;1574;38;;28;80;10;;;287;183;160;49;521;24;6;1;37
;;;;;1;;;;;;;;;;;;;;1;;;;;;1;;;;2;;;;1;;;;1;;;;;;;;;;;;;1;;;;;;;
92;234;336;48;75;562;3;4;148;2;107;277;202;34;126;24;28;1356;407;582;4;540;727;244;990;1509;689;43;1043;8839;641;38;1116;2458;3027;152;823;2667;752;;567;3755;413;5;276;605;199;20;53;727;2653;3288;273;1508;88;4;17;364
;2;3;;2;7;1;;2;;1;;2;;2;;;5;3;8;;12;2;2;3;1;3;2;;79;4;1;3;3;5;1;6;7;2;;;30;2;;;6;;1;;18;28;9;1;15;4;;;
101;453;1283;332;55;956;13;19;837;14;353;1506;1747;280;188;166;127;12388;375;1165;6;532;3621;1710;1078;5434;1046;254;3584;23398;3218;244;4633;6051;7061;844;4457;14854;2343;2;7123;12993;2127;47;1054;2905;298;37;121;1433;4773;6060;1989;17368;701;98;73;3014
;2;4;3;1;8;;1;12;;4;4;13;;1;1;;23;2;9;;1;38;10;6;5;6;4;7;156;20;2;8;21;33;6;14;16;13;;2;106;5;;16;2;;1;1;2;14;4;13;38;7;;;
177;412;1292;155;78;1130;13;17;310;2;120;488;525;127;204;48;70;4243;643;1434;2;484;839;304;1445;1635;1717;81;823;15076;1676;43;2174;1668;5355;169;2393;5202;1554;;1756;10406;1295;10;430;760;273;46;33;524;4401;2349;847;4906;147;16;36;1422
;2;;;;;;;;;;;1;;;;;;;;;;;;;;1;;;9;1;;1;;;;1;1;2;;;9;1;;;2;;;;1;;;;1;;;;
4;2;25;1;1;6;4;1;13;;4;78;9;;8;2;;72;2;14;;2;35;5;15;24;14;9;39;978;39;6;65;127;106;5;96;141;32;;48;823;43;1;31;31;4;1;;2;87;17;32;127;15;1;1;2
25;32;39;77;38;281;15;;10;1;9;19;40;3;39;4;19;12;82;117;2;7;51;8;17;6;27;4;3;91;19;2;7;2;18;3;26;6;15;2;1;50;21;1;23;44;24;1;3;63;20;3;21;4;20;;2;8
12;5;59;13;23;555;1;4;169;16;10;87;179;22;59;6;;147;56;196;1;7;47;32;121;41;141;38;42;1038;209;16;207;41;173;7;238;135;336;23;96;575;617;11;137;242;83;4;122;1568;915;161;86;126;125;14;18;8
22;351;323;140;48;429;23;83;226;32;13;515;614;198;100;20;25;1667;94;428;4;697;46;209;417;496;341;222;194;7065;1274;48;1236;664;1058;105;2432;3546;826;13;8907;11252;2525;22;442;1758;149;18;97;477;4104;1572;746;3583;304;39;10;9
;3;5;1;1;2;;;8;;1;;8;;3;;103;14;;4;;3;;2;10;6;2;3;5;38;9;;18;29;31;1;8;29;8;1;43;46;7;;10;6;;;;3;30;8;10;11;4;;;3
1;1;2;;;;;;;;;;6;1;;;2;4;;;;;;1;1;1;;;3;11;3;1;9;2;2;;5;3;10;;15;9;6;;4;4;;;;2;10;3;;2;1;;5;
;45;13;27;6;62;4;1;16;2;;84;31;1;9;3;2;62;15;55;;34;3;25;59;42;27;3;31;731;47;12;174;112;89;4;133;105;87;;183;1744;133;1;37;35;9;2;4;26;231;39;46;118;18;1;1;
3;20;13;7;2;6;1;2;17;2;;25;29;5;6;;2;482;4;20;;82;;33;64;126;55;4;53;99;33;4;104;156;37;4;62;363;79;;369;168;180;;19;410;9;;4;192;322;110;39;292;5;3;3;13
1;1;;;1;2;;;2;;;1;5;;1;;;3;;4;;;;;5;3;;;2;3;4;;8;2;5;;8;3;5;;2;8;16;;3;9;;;6;25;34;3;3;2;2;;2;
;2;10;;2;;1;;3;1;;2;3;;2;;;4;2;2;;2;;;10;4;1;;2;11;4;1;22;2;10;;26;5;6;;5;42;21;;4;5;;;;16;44;5;11;7;;;;
1;40;6;20;1;33;1;;16;;22;21;36;;1;1;2;235;5;21;1;61;42;267;4;121;9;8;77;672;16;5;12;222;36;20;79;135;30;11;184;509;45;;88;1210;;;4;308;146;295;43;167;32;4;;
;;;;;;;;;;;;;;;;;;;;;;;;;1;;;;;;;;;;;;;;;;;;;;;;;;1;;;;;;;;
;18;1;6;1;4;;;6;;1;5;19;;3;;;36;;6;;6;23;54;2;26;11;2;8;192;2;2;1;33;7;6;11;21;9;2;30;113;7;2;14;142;;;5;169;21;47;6;30;5;3;;
;2;;2;;9;;;2;;;4;3;;;;;2;;5;;2;;8;;6;;5;1;51;;;1;11;;2;2;6;;;5;33;;1;;7;;;1;54;6;18;;11;;1;;
;;;;;1;;;5;;;95;5;16;;;;97;;1;;;;2;;1;;5;1;8;2;;16;;1;;;12;27;2;22;3;138;1;1;10;;;;;17;3;4;4;;;;
38;71;236;53;62;393;4;24;86;22;41;232;118;63;27;3;104;633;65;414;8;225;800;166;308;119;242;191;134;8894;258;70;281;241;1659;31;3434;823;317;108;363;9447;298;19;291;1130;50;32;26;1394;2349;662;326;954;100;65;1;94
;;;;2;;;;;;;2;;;1;;;;;;;1;;;1;;;;;2;;;;;1;;;1;;;2;2;;;;;;;;2;1;2;;;;;;
22;40;280;63;153;63;14;2;134;7;4;165;274;31;153;10;120;230;106;47;2;128;40;13;446;65;358;47;50;2223;1370;14;1097;339;1003;7;1369;360;872;26;327;2002;1894;6;155;291;269;4;103;234;1517;98;267;260;93;11;16;3
1;3;8;7;13;1;2;4;1;;;2;;1;2;1;1;;4;;1;5;;;19;9;6;;3;27;3;;3;3;4;;6;2;12;1;14;7;16;;;2;3;;1;6;9;2;2;;1;;;
;;;;;;;;1;;;1;5;;1;;;1;;;;;;;;1;;;;250;;1;28;12;4;3;1;5;5;;15;120;12;;16;5;;;;;17;1;9;3;5;;;
;;;;;;;;;;;;;1;;;;;;;;;;;;;;;;;;;;;;;;1;;;1;;;;;;;;;;;;;1;;;;
;;5;;2;3;;;5;;;1;10;1;2;;;;;1;;1;;;5;;2;;2;4;14;;11;5;2;;31;;12;;3;8;15;;1;2;8;;1;29;8;1;2;4;1;;1;
;3;23;4;9;33;2;1;5;;1;5;21;1;6;1;1;16;6;15;2;5;;;22;15;14;1;14;60;57;1;53;12;19;4;166;23;59;;17;56;36;;6;25;19;1;17;691;52;12;1;7;3;1;;
5;10;6;14;8;126;;;5;3;1;7;3;3;14;6;4;9;10;56;1;8;21;16;4;;2;2;3;63;2;2;7;12;6;7;7;11;3;3;;30;2;;6;8;7;1;3;57;13;9;11;10;7;;;
;;;;;;;;3;;;;;;;;2;4;;;;1;;2;;;;;3;49;;;;4;2;;1;6;1;;;10;1;;1;2;;;;6;4;9;;5;;;;2
;;;1;;1;;;1;;;1;;;;;;;;;;;2;1;;;1;;;;;;;;;;;1;;;;1;;;;;;;;1;;;;2;;;;
;;;1;;;;;;;;3;;;;;;;;1;;;1;;1;;;;;;;;;;;;;;;;;1;;;;1;;;;;;;;;;;;
1;7;32;2;3;7;1;2;4;;;;6;;17;3;4;14;15;1;;4;4;2;16;7;8;;2;28;21;;86;3;72;;42;4;21;;16;46;26;;17;;2;;;3;78;1;26;3;4;;;
;;;1;;;;;8;;;1;4;;4;;;3;;;;;;2;1;;1;;1;10;1;;2;;;;3;1;1;;82;10;5;;10;1;;;1;;69;;23;1;15;;;
203;143;1127;126;214;3867;32;196;1530;142;176;3001;2117;1994;276;43;376;2788;317;1366;13;370;508;283;1299;1301;2774;654;1078;8314;4809;422;4298;1608;4461;86;5126;4087;8033;67;4191;9267;10578;190;1104;2283;427;66;300;7905;5484;1236;1592;2875;2044;622;176;95
1;;1;1;1;;;;3;;;;;;1;;;1;;;;;;;;2;3;;2;4;2;;;;1;;1;2;4;;2;;1;;2;1;;;1;3;4;2;;;1;;;
134;506;211;7;7;840;1;22;30;2;9;217;24;264;62;27;5;9;7;9;71;8;30;22;15;11;25;6;21;5;39;14;23;43;14;10;14;22;42;;12;15;44;1;20;11;30;1;1;6;37;10;32;34;42;3;;4
;3;;;;23;1;1;1;;;4;;;;;;;;;;;;;;;;;;2;1;;3;;;;;2;2;;;;1;;2;;;;;;3;;1;;;;;1
25;97;105;84;44;128;3;;54;1;5;82;34;10;41;2;51;1023;19;33;2;53;16;71;206;227;53;8;299;1643;76;8;197;127;151;20;726;970;157;7;1260;738;262;13;54;961;85;;20;13;758;832;109;1693;27;10;42;58
9;6;36;6;32;6;;1;53;4;7;15;35;4;29;2;49;20;20;4;1;4;18;8;111;24;131;7;22;511;164;1;109;11;130;;404;29;166;8;49;206;132;1;70;36;53;1;63;25;441;72;27;67;17;3;;
15;35;28;29;14;17;;;7;1;32;67;19;8;16;4;28;447;24;10;;42;11;44;54;142;89;12;162;625;44;2;59;60;99;17;220;505;84;;347;358;84;3;14;54;43;31;11;21;185;1612;16;955;10;5;73;280
1;2;17;2;6;2;1;1;1;2;1;26;10;23;5;1;17;17;3;2;1;5;2;1;15;8;35;73;8;161;24;6;9;6;39;2;146;10;34;24;14;114;25;4;2;13;8;25;5;74;63;53;8;55;;2;;
2;206;16;7;2;570;;2;1;1;2;37;3;13;6;;;25;5;7;;5;4;3;6;2;1;;9;107;7;1;17;10;17;2;22;24;7;;27;109;22;;3;13;3;1;1;6;55;16;12;21;;;;14
;1;;;;5;;;;;;;;;;;;;1;;;;;;;;;;;;;;;;;;;;1;;;;;;;;;;;;;;;;;;;
231;131;3071;20;176;165;26;18;597;1;20;329;1409;179;555;82;166;2864;604;130;4;83;69;53;2356;1231;1420;26;964;1965;4293;13;8741;508;7144;26;5165;1135;2549;;4732;6704;5064;3;501;322;715;9;24;71;6837;398;1777;769;178;6;41;108
;1;4;;;;;;1;;;;6;;3;;2;;;;;;;;3;;5;;;;5;;13;;9;;12;;9;;;2;14;;1;;6;;;;8;;2;;;;;
41;8;702;12;1;127;2;1;2;2;;60;241;30;5;3;;23;449;71;;32;9;10;26;6;1301;2;5;456;1635;5;273;31;607;5;60;16;8;;2;150;61;;2;15;1;;1;23;527;2;4;129;1;3;;2
1;;1;;;;;;;;;;;;;;;;4;;;;;;;;3;;;3;;;;;;;1;;;;;;;;;;;;;;;;;;;;;
9;58;444;27;185;19;44;2;19;1;;37;226;9;601;19;28;141;75;4;;28;2;6;361;42;94;7;5;387;796;1;1611;64;230;4;1466;69;292;9;4;412;761;;9;221;129;;;156;1391;24;4;90;;2;;
11;12;13;7;5;14;1;1;18;1;10;62;16;34;11;1;48;88;17;6;4;48;20;8;122;122;196;3;290;508;45;6;53;60;299;6;60;196;315;;265;351;94;3;26;50;16;4;28;47;216;187;74;157;9;4;;3
;;;;;;;;;;;;;;;;;;;;;;;;;;;;;;;;;;;;;;;;;;;;;;1;;;;;;;;;;;
72;81;783;39;207;51;52;90;153;4;26;271;607;47;431;23;201;404;379;58;2;42;22;20;695;202;426;76;85;2124;1241;2;1593;32;1114;5;1982;204;2503;4;179;4582;4264;3;131;524;475;31;284;61;1749;82;274;201;48;17;445;12
136;301;448;127;144;91;86;49;245;4;60;810;725;256;489;113;260;270;309;117;3;78;103;116;558;271;268;242;98;225;423;55;609;249;499;36;268;236;590;4;99;515;385;15;673;205;520;46;37;43;220;106;285;106;209;33;235;24
35;20;296;14;26;32;20;33;88;;20;88;551;58;218;7;83;222;99;31;;9;4;5;291;143;166;39;15;1197;546;3;806;46;907;2;718;122;770;1;99;2248;1353;;67;90;119;15;1;7;790;21;159;52;40;5;2;
16;51;127;56;19;269;24;4;81;4;6;32;96;7;79;5;43;418;64;144;4;122;103;52;168;144;41;12;139;2626;126;11;665;366;524;23;394;493;178;8;308;1178;335;;214;345;29;2;11;827;838;249;166;283;44;2;1;
;1;;;;1;;;;;;;;;;;;8;;;;1;;;1;;;;;10;;;;;;;1;4;2;;;4;1;;1;1;;;;;2;;;;;;;
103;162;538;125;115;993;41;4;417;29;35;212;428;45;294;23;300;1492;234;458;9;285;292;211;915;572;297;53;598;8370;858;56;4260;1508;2363;75;1744;1727;1197;30;1389;4205;1979;6;1336;2484;299;6;176;2762;3681;1349;879;1040;347;26;10;19
;;;;;2;;;;;;;;;;;;1;;;;2;;2;;1;;;;;;;;2;;2;1;1;;;;4;;;;2;;;;;2;1;;11;;;;
;;;;;;;;;;;;;;;;;;;;;;;;;;;;;;;;;;;;;;;;;;;;;1;;;;;;;;;;;;
;232;;134;1;237;7;2;128;1;1;123;112;22;5;;;697;5;161;;115;6;42;2;153;9;51;4;5628;4;10;9;264;28;22;30;158;28;1;665;2264;148;2;181;313;;1;3;;822;129;203;348;138;3;;4
;4;;3;;12;;;4;;;20;10;13;;;;65;;8;;5;;3;;7;;11;;267;;7;;52;1;2;1;46;1;5;46;175;7;1;4;26;;4;;;16;27;10;41;11;2;;1
2;903;1;242;2;2395;11;19;3401;11;8;667;705;139;14;10;1;6039;11;775;2;426;7;155;10;511;18;146;76;21270;20;74;47;1824;83;148;114;2884;1050;6;9179;9553;4292;13;1086;1359;3;3;3;2;2270;1020;1715;3607;2588;19;;175
;7;;4;;14;;;27;;;8;19;7;;;;68;;6;;3;;2;;8;2;6;1;379;2;2;1;8;1;;;38;4;;50;218;19;;27;40;;;;;45;14;26;28;12;2;;
1;1217;4;770;22;12355;48;106;2742;35;18;717;1265;76;13;17;;6780;25;1048;8;1160;65;2322;3;816;37;172;131;44907;37;194;62;1327;201;1026;146;4154;740;9;16865;18294;3006;39;855;6578;4;7;8;17;6785;9003;1801;41925;2588;54;;11
;1;;3;;;;1;1;;;;2;;;;;15;;;;5;;6;;6;;;1;45;;;;7;;3;1;26;;;37;10;2;;1;16;;;;;2;10;;66;;1;;8
;;;;;;;;;;2;20;;1;;;1;1;;;;;;;1;1;10;1;3;3;1;2;1;;4;;1;;1;;;;3;1;;;4;5;37;3;2;2;;;;;;
;;3;;;;2;;1;;16;15;8;6;2;;2;8;;;;;5;;23;20;60;;31;14;19;1;27;2;39;;24;5;19;;10;21;12;;4;;12;8;12;;20;;9;;1;;1;
2;35;1;143;;20;1;;8;8;2;251;15;14;4;;3;486;2;31;;13;5;132;10;250;31;106;33;14191;3;23;29;270;86;31;66;700;19;2;53;1999;22;4;46;216;;2;;3;218;1622;58;758;;6;;
7;;44;;24;;5;2;66;1;3;8;138;7;85;11;57;67;12;7;2;;4;;115;47;77;3;60;101;198;;1531;10;1114;1;647;65;1112;;199;116;1087;1;131;128;18;1;54;4;545;3;156;15;10;;2;
;5;1;854;1;4;1;3;20;13;6;2315;3;5;1;53;8;22151;24;768;1;5921;118;5306;13;3738;32;431;512;76176;3;261;106;7573;299;929;222;18199;185;57;137;9714;4;41;83;11255;;24;;15;577;21882;59;28618;21;295;;
;;;;;;;;;;576;3;;1;2;;;2;;;;;;2;;;4;1;;5;2;;1;;2;;;1;2;1;4;1;2;1;23;2;3;1;1;121;6;;5;;2;;;
;;;;;;;;;;9;;;;;;;;;;;;;;;;;;;;;;;1;;;;;;;;;;;;;;;;;;;;;;;;
10;45;186;31;12;454;2;;25;;7;9;62;4;118;11;10;442;59;119;1;8;77;48;117;45;53;8;28;3348;67;2;129;40;289;22;422;151;77;2;91;1563;163;;59;117;18;;5;226;843;145;119;399;28;;;2
3;1;31;6;;105;;2;32;;;5;31;7;14;1;2;63;8;45;;2;2;14;27;10;23;6;6;194;59;2;77;15;52;3;47;48;62;;45;162;164;1;28;10;10;;;553;114;10;36;32;23;1;1;
;;;8;1;48;;1;;;1;13;2;2;1;1;2;13;4;10;;;9;2;3;2;2;1;3;67;4;;2;1;17;;15;13;10;;;31;10;;1;19;;;;7;30;;3;29;1;;;1
;;;;;;;;;;;;;;;;;1;;1;;;;;;;;;;2;;;;;1;;2;5;;;;1;;;;2;;;;;;;2;3;1;;;
468;20814;11868;5423;9332;16574;309;862;6590;78;79;6432;9589;1047;6800;3860;535;120815;2658;26147;15;23002;1084;7970;9004;13355;3348;5271;1474;377693;17716;1148;25320;27539;119248;3894;79547;67635;14005;19;15128;476438;16897;351;2568;26304;2208;1309;86;2048;61936;52071;8967;107857;1465;228;2;62
;120;11;150;12;52;2;2;22;2;;28;18;4;3;7;1;3179;4;71;1;437;3;301;2;414;15;15;56;326;65;13;60;1496;113;249;54;3690;41;;241;461;23;4;2;1681;5;1;2;15;29;1187;7;4016;3;3;;27
3;26;22;22;12;23;1;;22;2;2;23;31;3;12;;6;54;4;23;2;49;1;3;17;23;18;83;4;4266;61;7;19;26;27;8;91;21;25;20;12;821;63;3;18;480;10;3;5;238;167;104;22;256;20;3;;
;;;;;;;;;;;2;;2;;;;4;;;;;;;;4;;;;;;;;4;;;;1;;;;;1;;;;;;;;;;;;;;;
;1;4;2;1;1;;;1;;;28;1;;1;;;48;;;;1;;;3;15;1;3;5;152;2;2;13;37;43;2;19;109;6;;10;261;11;;2;9;1;;;1;9;15;3;24;;;;1
58;172;691;14;105;40;17;8;77;2;1;56;273;17;363;22;125;769;206;25;3;31;16;23;364;194;198;30;106;613;737;1;1464;31;616;3;1747;177;536;;342;1512;737;4;91;735;91;1;43;29;2222;173;144;539;14;4;861;94
4;6;30;2;1;1;1;;5;1;1;7;13;1;38;3;7;31;4;1;;1;;1;27;13;8;11;6;130;58;1;135;9;63;;99;18;27;1;17;213;56;;1;49;12;4;7;1;107;10;14;16;1;;1;
4;95;4;;;37;;1;4;;;;;14;;;;;;;;1;2;1;;;;;;;;;;2;;;;;;;;;;;3;;;;;;5;1;;;5;;;
;;;;;;;;;;;;;;;;;;;;;;;;;;;;;;;;;1;6;;2;;;;;9;1;;;;;;;53;1;;;;;;;
;;;;;;;;;;;;;;;;;;;;;;;;;;;;;1;;;;;1;;;;;;;;;;;;;;1;89;;;;;;;;
;;;;;;;;;;;;;;;1;;;;;;;;;;;;;;;;;;;2;;;;;;;3;;;;;;;1;162;1;;;;;;;
8;8;243;;63;6;6;2;181;1;7;27;93;27;185;9;53;68;31;5;1;5;4;1;307;145;98;6;141;177;673;;1783;34;759;2;1203;105;642;1;450;244;393;1;209;79;93;3;6;309;915;32;517;41;90;;;
;;2;;2;;;;;;;1;1;;;;1;1;;;;;;;2;;;;;;3;;7;;;;3;2;7;1;3;2;3;;1;1;2;;;;6;;1;;;;;
;;;;;;;;;;;;;;;;;;;;;;;;;;;;;;;;;;;;1;;;;;1;;;;;;;;1;;;;;;;;
;;;;;;;;1;;;;;;;;;;;;;;;;;;;;;;;;;;;;;;;;1;;;;;;;;1;;;;;;;;;
;;;;;;;;;;;;;;;;;;;;;;;;;;;;;;;;;;;;;;;;;;;;;;;;;;1;;;;;;;
1;2;;1;;;;;3;;;2;1;;;;;4;1;;;2;;2;;;2;;;8;1;;1;2;;;3;1;2;;4;6;3;;;1;;;;3;1;1;;3;1;;;
14;181;312;93;477;36;20;6;138;;17;83;116;18;53;8;128;1361;48;26;2;306;43;357;799;2776;521;42;1957;1826;542;5;531;1322;767;103;2964;2975;204;15;1199;1722;131;;88;4522;92;18;126;53;3463;5569;76;1452;56;7;88;240
;13;29;6;16;6;;2;11;;;16;9;;5;4;6;122;2;2;;4;2;8;48;16;15;5;10;234;48;2;38;48;83;7;238;120;13;;54;313;3;;2;46;13;1;;7;72;86;6;133;3;;;
12;277;216;125;224;53;101;4;206;1;1;99;94;13;106;13;62;1097;151;69;1;362;5;25;182;150;366;54;67;8955;250;12;235;434;260;37;864;850;310;7;562;2319;356;9;95;965;46;55;13;52;1954;427;117;1112;70;8;;
;4;8;1;2;2;1;;17;;;3;5;;3;;;18;1;3;1;1;1;1;9;14;1;;2;79;8;1;10;20;16;;19;19;18;;7;28;28;;4;9;3;;;;22;3;5;14;4;1;;
10;92;245;71;97;98;28;10;233;7;1;91;153;19;95;12;30;948;67;155;;165;10;23;101;108;131;27;43;6035;345;4;152;449;145;1;458;643;319;1;248;1568;1040;5;43;1216;89;7;11;38;1243;211;62;1117;44;15;2;
;3;;3;1;4;;;;;;;;;;;;2;;12;;9;;;;;1;4;;23;1;;2;2;2;28;1;1;;;;2;1;;;;;;;1;2;;;3;;;;
5;53;198;330;26;799;9;12;128;3;5;218;37;30;61;110;54;1422;14;319;5;453;261;347;119;404;70;29;129;19947;171;50;647;1639;4058;305;741;3095;235;;1048;61747;66;30;144;416;12;9;;76;1414;1084;227;2758;16;12;9;199
;;;;;5;;;1;;;;;;;;;1;;1;;1;1;;;;1;;;19;1;;4;2;8;;;1;;;;38;;;;1;;;;;4;1;;1;1;;;
;34;28;56;20;50;2;1;4;2;1;44;18;8;6;5;15;353;11;39;;1;11;10;15;5;21;21;3;2021;79;11;47;15;64;3;171;136;63;;13;712;30;23;3;43;14;2;;6;99;111;10;414;3;6;1;3
336;733;1137;522;1583;267;151;47;1936;15;210;793;1138;233;797;158;571;889;813;278;11;422;503;4079;1306;1226;1638;214;467;2714;1745;131;1826;1506;1370;545;2496;1388;1962;9;653;1766;1518;47;1129;1475;735;91;94;47;10578;5950;2206;7012;1659;101;8;11
;2;;;5;;;;;;1;2;;;;;;;10;;;4;;1;;1;22;1;;19;1;;1;;5;;2;1;16;;;6;1;;1;3;2;;1;1;2;7;;10;;1;;
342;357;1644;280;1106;122;313;30;3865;9;135;367;2462;211;1456;116;408;288;1046;120;10;183;292;4371;2273;1120;2300;114;886;930;2731;78;2974;1509;1721;463;4071;767;3226;4;1172;960;4206;19;1726;582;1159;19;47;27;16957;986;3525;2249;2774;47;13;3
1;4;4;1;1;1;;;4;;;1;4;;2;;2;2;2;;;5;;;5;3;9;3;7;27;4;;9;4;11;;24;;12;;12;4;11;;4;2;2;1;;1;34;3;5;3;1;;;
120;591;1112;354;1574;298;195;11;410;9;24;455;538;42;564;50;267;1259;1369;279;13;767;;258;1608;1018;679;106;581;10722;1282;56;3136;1181;3088;30;4895;1152;1177;24;971;8156;1400;15;478;1796;381;9;57;567;8110;1451;521;1692;163;20;1;12
1;6;5;1;16;1;1;;11;;;1;6;;;;;;5;;;7;;2;5;;;;;2;;;7;3;2;;1;;1;;1;2;1;;2;2;4;;;1;2;;;1;;;;
;7;4;1;14;3;1;;9;1;;1;3;;1;1;;6;1;7;1;4;10;24;6;;;;;2;2;;4;;1;;1;2;2;1;1;3;1;;1;;1;;;;2;1;;1;;;;
10;88;135;103;18;149;11;12;162;2;36;188;434;55;117;25;61;797;77;116;1;222;122;65;169;111;309;110;103;3378;887;35;561;260;669;26;636;939;934;33;507;2456;1583;12;142;620;52;81;25;658;617;292;208;689;129;27;;
;1;4;;;4;;1;1;1;;9;3;1;2;;;22;;4;;7;;3;3;4;4;4;3;400;2;1;6;5;12;2;14;26;8;4;5;146;;2;1;60;1;1;;25;34;25;2;53;1;2;;
1784;1865;15412;900;680;3735;228;443;6906;32;287;2854;9817;2025;5623;733;1542;28696;4778;3240;29;4985;734;1438;13960;12718;15042;837;13096;31592;35159;334;54672;13914;43577;768;40846;34642;34952;3;67694;63056;62961;67;7240;6109;2520;46;412;4917;55046;7741;16162;22062;4215;105;7;39
;1;1;;;;;;2;;;;1;;1;;;;;1;;;;;2;;4;;;4;12;;13;2;4;;5;;6;;;2;4;;;;;;;;5;;2;;1;;;
1;;9;2;;2;;;20;;1;4;9;2;8;2;;14;1;;;;3;;19;9;11;2;6;32;106;;170;5;55;;73;7;125;;23;29;143;;3;8;11;;;2;31;;20;10;8;;1;
132;121;2565;41;154;637;46;39;1258;7;72;339;2366;280;944;81;140;1877;1034;658;;110;371;114;3752;840;3024;91;890;9719;6718;39;11920;994;8694;49;11567;2014;4488;1;4275;14448;9383;14;1983;353;824;8;16;236;13470;330;4044;1048;696;6;1;
;;7;1;1;;;;10;;;27;5;2;4;;3;3;3;1;;2;1;;9;3;8;1;1;84;25;1;36;8;44;;8;23;36;;11;143;58;;5;2;10;;;;14;1;8;6;5;;;
240;440;387;241;530;896;28;41;361;9;44;600;255;79;234;98;210;329;640;812;14;387;244;1240;667;693;203;115;145;1515;271;154;534;1260;825;389;456;555;362;30;150;943;198;28;427;386;580;73;30;151;5761;4218;1072;3638;419;51;5;81
;6;;8;2;;3;;;;;;1;;;;;18;;5;1;14;;2;;19;3;;;31;1;1;1;6;11;1;8;15;1;1;11;3;1;;6;41;2;;;;23;36;1;74;1;;;
537;341;1122;171;1058;1037;98;71;1401;14;60;745;1133;235;1061;163;421;228;1624;572;50;241;245;1054;1375;480;620;202;285;1379;904;251;1561;1718;1416;366;1116;391;921;40;470;975;1048;19;1264;283;1093;50;77;378;17747;1211;3650;1838;999;62;7;35
12;31;119;27;18;1;2;;38;;1;9;26;4;107;3;11;344;5;3;;47;1;15;70;1548;54;10;458;851;147;2;187;1747;204;53;625;1926;106;2;1817;416;279;;20;836;29;1;3;4;520;103;78;583;15;3;;
57;37;950;13;170;368;17;93;198;17;7;301;350;240;589;47;157;303;183;180;3;67;13;25;474;66;1035;366;77;2248;2148;26;1238;56;1194;11;2730;230;1592;12;267;3133;2686;24;68;276;258;54;42;549;2938;98;196;456;73;58;3;
87;205;524;23;184;194;24;7;244;1;2;24;168;3;416;29;97;431;112;115;8;243;9;26;661;273;401;23;429;1918;915;2;1698;147;1164;16;1775;492;717;3;630;1952;1107;2;142;452;341;1;9;45;3666;343;233;468;63;3;6;1
;;;;1;;;;2;;;;1;;;;;1;;;1;;;1;;1;4;;1;2;2;;;1;;1;2;1;4;;1;1;;;2;2;;;1;;3;9;1;7;;;;
;;;;3;2;;;2;;1;;6;;3;1;3;3;2;;;;;;8;3;38;;1;30;9;;21;3;11;;21;7;10;;5;48;16;;3;1;;;7;1;35;;3;1;;;;
1;3;4;;1;4;;;4;;3;1;6;1;2;3;2;7;3;1;;1;;;12;15;15;3;16;16;13;1;81;2;40;;18;10;11;;33;28;7;;6;1;2;;;2;25;1;12;6;;;9;1
320;413;2532;220;341;1399;44;57;1579;16;53;896;1753;354;894;144;447;4619;904;1398;21;1127;144;466;3642;2287;1331;106;1422;6129;3336;93;7090;4587;6524;121;5014;8132;5383;9;6775;16713;10438;16;1230;1964;1226;41;256;789;11456;2772;2030;2249;1006;69;4;1
7;4;70;4;9;4;1;;77;1;2;29;60;2;106;8;18;51;3;6;;11;1;13;273;87;79;8;88;353;207;1;473;133;309;6;407;202;387;1;175;531;856;;70;165;107;;47;10;628;85;124;63;73;5;;
131;188;337;232;380;343;89;17;284;2;61;473;102;73;249;44;154;179;383;491;9;447;126;297;4308;2673;1988;21;2021;3618;1101;57;2024;2985;3302;61;2439;3423;1566;2;1889;8825;2110;4;884;832;281;4;70;159;9832;937;936;715;491;26;9;6
;2;8;5;1;1;;;3;;1;4;2;;8;2;2;8;;;;4;1;;6;3;3;;7;17;9;;20;3;9;;27;15;23;;6;26;26;;1;16;8;1;1;;35;10;5;10;1;;;
1;2;8;1;6;2;;;5;;;8;8;1;10;2;;7;8;;1;5;;1;6;5;5;2;5;41;50;2;15;2;32;;96;13;50;;27;89;85;;3;3;12;;1;4;61;3;17;4;6;;;
186;205;376;147;180;467;60;17;353;7;26;272;160;132;330;48;159;300;627;491;11;502;124;230;1879;936;526;21;869;3504;1230;43;3202;3411;3450;54;2783;3602;2593;3;4383;10108;5668;9;1012;1102;477;35;103;231;7944;584;1694;904;513;42;;
10;9;29;2;10;10;;1;41;;6;59;8;2;23;3;13;102;13;9;;46;6;11;95;53;43;6;199;288;68;5;149;242;243;10;177;299;250;1;288;370;203;1;37;112;33;1;21;15;336;47;102;75;27;3;1;
3;16;47;16;9;17;1;;16;;1;9;24;4;20;1;4;46;14;33;;32;6;5;22;10;21;6;4;211;78;;67;8;56;2;120;29;53;;49;160;122;2;18;14;16;;1;397;152;12;17;55;20;;;
;1;1;1;2;;;;1;;;;2;;;1;;2;;4;;3;1;;;1;;;;22;3;;5;2;6;;3;6;1;;7;20;3;;1;2;;;;46;12;2;;2;;;;
;;;;;;;;;;;;;;;;;;;;;;;;;;;;;;;;;;;;;;;;;;;;1;;;;;;;;;;;;;
;;;;;;;;;;;;;;;;;;;;;;;;;;;;;;;;;;2;;;;;;;;;;;;;;;;;;;;;;;
;;;;;;;;;;;;;;;;;;;;;;;;;;;;;1;;;;;;;;;;;2;;1;;;;;;;;;;;;;;;
;;;;;;;;;;;;;;;;;;;;;;;;;;;;;;;;;;1;;;;;;;;;;;;;;;;;;;;;;;
;;;;;;;;;;;;;;;;;;;;;;;;1;;;;;2;;;;;;;;;;;;;;;;;;;;;1;;;;;;;
28;243;318;4;29;323;3;11;131;1;13;55;148;20;114;8;49;1616;51;165;4;214;22;30;380;232;96;10;261;555;394;4;988;189;1201;24;1083;339;261;;3019;1533;490;2;265;531;40;10;5;356;1153;172;338;300;99;;;10
5;44;115;4;22;154;5;16;272;11;27;647;248;152;145;13;30;143;22;70;;15;26;16;323;98;402;122;502;462;3268;47;3199;190;2327;18;4992;466;1752;5;3724;2509;3451;133;307;483;189;21;15;2441;1503;98;621;150;475;52;;
64;52;299;43;40;246;12;4;218;1;15;282;255;87;185;36;117;192;102;87;4;100;79;107;117;112;107;38;63;149;129;26;230;220;183;35;167;244;138;1;420;156;114;6;223;147;97;1;30;870;3884;566;1198;957;231;17;38;118
1;1;3;1;2;4;;1;10;1;;6;17;2;5;1;2;2;1;2;;2;;1;13;5;17;6;5;48;45;3;32;5;33;1;23;13;41;5;24;18;48;;13;7;3;1;7;24;36;10;8;5;8;3;;
55;52;313;37;27;133;7;10;211;1;37;276;144;56;150;33;81;213;110;136;2;61;183;153;176;154;122;34;116;235;82;22;163;105;273;27;143;147;107;;205;277;79;7;283;146;114;3;10;243;4484;370;997;824;292;11;18;66
1;3;8;2;;7;;2;5;8;;66;5;14;2;;3;18;2;4;;2;;4;17;25;35;26;35;132;33;17;66;23;84;2;58;37;38;43;58;89;30;3;13;41;7;;6;86;63;24;21;24;;10;3;1
;1;4;;;4;;;8;1;;20;11;4;;;2;6;1;2;;;2;;10;3;11;7;8;12;17;1;17;2;48;;38;5;13;3;32;25;18;2;13;13;5;;;33;47;;18;3;10;1;;
105;225;515;177;58;316;7;32;276;7;63;221;269;98;319;30;172;3767;219;122;5;1023;108;340;949;2469;542;42;4149;4494;1140;52;2369;3368;4424;177;1544;6611;1150;1;15298;4489;1450;10;620;3392;63;11;38;540;2423;1742;876;3895;207;17;7;78
;;3;1;;1;;;2;;;2;9;5;4;1;;4;;;1;3;;2;4;3;6;4;3;37;33;;37;2;30;;27;8;17;;22;20;20;;3;9;;;;17;17;3;6;1;11;1;;
35;105;373;77;25;388;7;7;117;5;7;60;126;22;119;10;50;2038;62;364;2;544;27;146;347;401;83;16;295;3326;396;18;1333;1146;1116;80;857;1435;407;1;1381;3748;733;;236;907;61;4;16;229;1361;550;363;1255;90;11;5;5
36;34;181;30;19;204;14;76;304;34;56;855;205;742;282;27;46;201;79;185;;46;69;134;409;392;539;365;723;2194;4303;451;4767;1227;3550;98;3859;2655;3540;19;3650;3861;6082;95;327;568;146;25;19;822;1910;462;987;1079;475;251;;
1;74;;174;1;227;2;1;36;;;72;16;10;;6;2;919;4;215;7;438;17;293;3;519;3;44;35;3188;1;17;18;1035;23;91;13;564;11;;338;1174;31;2;137;2273;2;1;1;1;766;2810;74;1930;29;18;4;101
;3;;16;;3;;;5;1;;29;2;2;;2;;43;;2;;7;;25;;41;;9;3;434;;2;2;166;5;16;5;40;2;;31;129;6;;14;75;1;2;;;20;47;11;112;5;7;;1
6;21;42;33;12;31;3;1;68;;6;32;83;5;17;11;3;111;12;30;;39;35;38;63;82;16;2;23;598;80;15;173;151;374;15;167;226;79;;191;610;113;1;77;12;12;4;;8;226;27;104;112;71;1;2;2
;1;7;4;;3;1;;11;;;3;13;;1;1;;8;;3;;3;;2;9;4;3;2;;56;23;2;33;6;38;;26;10;14;;23;83;39;;15;1;3;;;;18;2;20;10;15;;;
271;638;1736;155;846;316;74;49;577;30;48;242;884;199;186;20;1184;5508;1064;168;34;2992;136;378;832;1867;3500;73;2284;8833;1990;7;898;542;1605;148;4800;2736;3296;122;3245;4819;3329;9;351;8686;580;163;1107;1308;8372;5876;497;4781;522;53;36;42
;1;;;;;;;1;;;1;5;1;;;1;2;;;;;;;2;1;3;;;6;2;;9;1;7;;2;1;8;;3;13;3;;;;;;;1;2;;;4;1;;1;
3;18;20;10;12;4;2;;8;;1;16;8;4;16;2;5;60;11;1;1;50;8;5;26;39;37;2;90;154;38;1;89;14;76;8;114;108;34;;150;96;31;1;7;158;10;1;9;29;166;79;16;115;3;;9;12
5;41;78;20;38;44;2;2;15;1;3;20;49;10;72;1;24;269;34;23;;38;6;13;74;87;108;12;36;783;147;4;124;35;174;13;457;167;75;1;189;550;120;1;22;369;19;8;13;637;531;106;27;355;12;7;8;9
;;;;3;2;;;6;2;;15;2;7;1;1;3;;4;1;;;2;;8;;17;1;;50;5;1;8;;35;;15;;17;;;66;7;1;4;;1;;4;1;37;;8;;3;;;
6;2;6;;2;;;2;6;;4;15;4;1;14;2;8;3;18;1;1;2;4;1;44;5;62;3;18;29;33;;19;;57;1;59;9;82;;16;52;73;;8;3;20;8;20;11;89;6;28;7;8;;4;
1;;2;1;2;;1;;2;;;2;11;2;;;1;4;;;1;;;;3;13;2;;5;13;2;;22;1;21;;9;21;9;1;4;21;3;;2;1;3;;1;5;13;2;2;6;1;;3;
;1;3;2;2;1;;;2;;;1;3;2;1;;1;2;2;4;;6;;2;3;2;1;;1;33;3;;4;1;3;;11;11;3;;3;24;3;;1;;2;;;8;11;6;1;20;1;;2;3
;;1;;;;;;1;;;;;;;;;1;;;;1;;2;3;2;;;;16;1;;3;1;4;;3;4;;;;11;1;;1;1;1;;;;4;1;;1;;;;
;31;38;19;33;6;12;1;40;;3;15;15;3;18;6;6;2;29;1;;5;2;5;49;6;53;2;5;164;52;1;101;;57;3;135;3;55;;2;111;65;;18;12;24;;1;40;155;1;21;2;15;;;
;1;7;;1;6;;;3;;;2;1;;4;;1;5;5;;;4;1;2;3;1;11;1;4;55;16;2;15;7;15;;29;14;11;;19;40;10;1;2;5;3;;;4;21;11;;10;;1;;
130;85;1954;34;35;959;36;353;3874;49;221;2529;2815;1299;1106;26;82;2239;217;506;3;683;577;336;2998;886;2525;730;2647;3092;6324;250;6556;893;2613;136;10386;3341;14871;71;12368;2107;29597;120;882;2015;1557;1075;49;4299;7052;2009;4336;1296;1308;173;52;216
1;;10;;;10;;;10;;3;6;15;;14;1;;38;2;3;;9;9;15;11;6;9;;4;127;41;5;69;16;30;7;31;25;71;;65;39;62;;10;5;2;1;;3;29;25;39;35;7;;;
4;4;50;;7;1;2;3;47;;;24;36;11;83;5;4;16;6;;;;;3;49;56;31;2;16;146;143;1;707;7;310;2;245;60;184;;71;245;131;;13;1;26;2;1;1;97;3;43;11;24;;;
;4;2;1;1;;;;;;1;1;1;;;;2;1;1;;;;;;2;2;1;;2;5;1;;6;;3;;4;4;2;;2;3;3;;;1;3;;1;3;5;1;;3;1;;;
16;46;23;9;5;41;4;;24;;;17;7;4;10;2;11;30;12;5;1;23;25;28;14;26;9;1;21;220;12;;40;16;770;4;69;36;5;;64;379;30;;13;16;4;;;16;151;39;28;21;3;;;10
2;6;5;;;8;;;2;;;2;1;;;1;;6;;;1;3;1;3;1;4;3;;6;38;3;;12;2;116;1;8;12;2;;44;70;8;;1;1;;;;1;20;11;3;8;1;;;
8;15;20;12;5;23;1;;28;;1;16;26;4;27;;16;244;16;26;5;50;3;22;48;372;42;2;269;180;45;3;156;414;107;16;92;866;144;6;649;205;166;1;56;694;17;;69;56;378;360;49;317;20;3;4;7
5;3;11;2;16;22;;;13;1;1;50;8;3;12;1;2;29;22;37;3;19;17;25;27;49;17;4;30;195;17;8;34;40;80;11;53;80;33;;33;124;30;1;24;49;13;3;24;85;116;55;18;74;6;3;;
2;101;6;12;10;6;12;;6;1;;27;1;3;12;1;3;19;5;1;2;42;;7;7;11;2;4;27;58;6;4;21;5;10;1;15;15;25;7;22;17;66;1;12;32;7;;4;41;38;34;3;71;6;5;1;
;1;5;2;1;3;1;;12;;;7;6;3;7;1;;10;1;2;;;1;;7;12;5;;2;90;17;5;34;18;33;1;23;22;43;1;13;57;64;;;6;8;;;6;15;3;3;14;8;2;1;
1;31;2;12;17;3;5;;1;;;19;2;;1;;1;11;3;1;;50;;9;1;12;;;11;83;;3;7;8;4;1;2;17;8;1;16;13;19;;1;24;2;;4;51;29;15;1;86;2;;;1
;1;;;;1;;;;;;;;;;;;;;;;1;;;;;;;;3;;;;;;;;1;;;;2;;;1;;;;;;2;;;3;;;;
1;14;77;11;11;54;;10;32;;2;37;53;36;29;4;7;130;33;68;;26;11;7;51;51;40;20;16;651;142;7;253;74;292;8;241;250;80;2;121;775;110;4;32;25;26;6;1;872;314;82;58;111;12;7;;1
;;11;1;;2;1;;2;;;;2;1;1;1;;15;;1;;;;1;5;;2;;;18;5;;24;2;10;;12;10;3;;10;25;8;;1;1;2;;;3;9;3;5;10;;;;4
14;18;162;28;23;60;6;5;29;3;3;82;63;9;34;16;25;530;100;136;;190;6;40;81;179;137;9;110;789;127;2;127;205;487;6;987;1243;142;;197;1203;112;6;53;242;13;27;6;352;591;203;71;656;11;2;1;8
;1;6;;4;3;;1;;;;1;;;2;;;5;4;5;;5;;;3;4;;;;10;;;3;4;6;;13;16;1;;11;36;2;;;15;1;;2;29;68;4;;12;;;;
;16;8;7;3;3;;;27;1;;20;11;2;7;;3;63;4;6;;56;1;9;7;18;19;1;3;130;27;5;15;23;17;2;16;29;88;;51;132;69;;11;80;43;;19;54;63;48;3;123;39;1;4;
;;;;;;;;;;;;;;1;;1;1;;;;;;;2;;2;1;2;3;1;1;;;7;;8;2;;;;9;;;;;;;;8;5;;;1;;;;
17;85;30;60;28;185;9;1;16;;1;44;19;3;44;4;24;161;30;106;5;67;;29;32;34;15;24;5;2242;30;1;68;50;190;4;68;95;53;1;99;1405;111;1;37;61;8;2;8;28;401;63;35;140;6;1;;1
2;3;3;;;5;;;1;;;2;2;1;1;;1;22;2;4;;;;3;2;6;1;1;;68;1;;5;8;6;;4;16;12;;8;57;17;;1;1;;1;;;10;5;7;12;1;;1;1
;;;;;;3;;51;;;;;;;;;7;;1;;;1;;1;2;;;1;6;;;;1;1;;;7;3;;770;8;1;;135;4;;;1;;233;;176;6;202;;;
;3;;;;1;23;;14;;;1;;;1;;;4;;1;3;11;;;;;;;;5;;;;1;1;2;;1;;;334;26;2;;31;8;;;2;2;375;1;47;10;49;;;
;;;;1;;2;;28;;;;1;;1;;;9;;1;;4;;2;;;;;;9;1;;1;2;1;1;2;1;;;552;14;1;;48;12;;;4;;276;8;101;1;47;;;
;;;;3;2;11;;15;;;;1;;;;;16;1;1;1;8;;1;;;;;1;12;;;;2;;2;;1;;1;769;27;2;;46;16;;;1;4;526;1;87;4;74;;;
1;28;10;22;14;8;3;;8;;;9;11;1;10;;11;386;20;7;;241;;27;28;204;13;1;179;100;18;;36;367;42;22;68;1663;46;;1550;87;50;;34;506;6;1;14;16;149;261;28;562;8;;;7
17;30;160;19;26;123;2;2;121;1;8;132;193;22;61;8;37;484;94;50;;35;4;17;154;120;290;36;105;1464;755;10;603;129;521;9;735;561;578;3;953;1788;877;4;148;139;52;2;9;512;1104;267;188;485;87;4;;
3;7;29;4;1;10;2;;6;;;7;27;2;11;;1;39;5;4;1;5;1;1;24;16;2;;13;111;40;1;76;34;52;2;129;59;51;;48;103;52;;11;17;16;;;88;58;10;12;29;5;;;
2;2;15;5;11;17;;;7;;;5;10;1;15;;3;44;6;5;;15;;3;21;8;4;2;6;95;26;1;20;8;22;;110;27;32;;18;73;55;;4;64;9;;10;73;61;5;11;25;6;;;
;2;1;;1;14;;;3;;4;28;17;2;1;2;13;31;1;7;;1;29;1;8;36;9;;20;91;4;3;34;29;55;3;30;107;10;;15;25;17;;23;71;2;;1;4;52;17;16;54;6;;;
;;;;;;;;;;;;;;;;;;;;;;;;;;;;;;;;;;;;;;;;;;;;;;;;;1;;;;;;;;
17;41;208;49;41;217;1;11;734;5;63;518;458;99;117;25;34;442;113;37;;31;61;88;432;120;4284;192;308;2504;6157;88;1312;158;1195;32;1170;377;5881;1;659;1390;4933;18;65;26;383;1;21;195;856;338;138;935;547;30;;6
;;;;;;;;;;;;;;;;;;;;;;;;;;;;;;;;1;;;;;;;;;;;;1;;;;;;;;;;;;;
1;12;42;1;24;1;3;1;94;;8;9;127;26;36;11;6;32;9;3;;1;5;9;33;76;54;4;33;155;323;3;1150;43;509;1;307;81;280;;56;193;131;;17;21;47;6;3;1;117;12;39;55;17;2;10;1
;1;1;;1;;1;;3;;;1;3;;3;;;3;2;;;;;1;4;14;3;;1;5;5;1;19;;8;;7;8;10;;3;13;3;;;;1;;;;5;2;;4;;;;
;1;;;1;;;;;;;;;;;;1;;;;;;;;1;1;;;;1;;;2;;;;3;;1;;;;;;1;;;;2;;1;1;;;;;;
;1;;;;1;;;;;;;;;;;;;;1;;;;;;;;;;;;;;;;;;;;;1;2;;;;;;;;;;;;;;;;
;;;;;;;;;;;;;;;;;;;;;;;;;;;;1;;;;;;2;;;;;;;;;;;;;;1;;;;;;;;;
;;;;;;;;;;;;;;;;;;;;;;;;;;;;;;;;2;;;;;;;;1;;;;;;;;;;;;;;;;;
;;;;;;;;;;;;;;;;;;;;;;;;;;;;1;;;;;;2;1;;3;;;;;;;;;;;;;;;1;;;;;
;;;;;;;;;;;;;;;;;;;;;;;;;;;;;;;;;;;;;;;;;;;;;1;;;;;;;;;;;;
14;49;439;33;32;119;8;5;248;1;9;63;230;30;236;24;5;589;61;86;;79;88;90;692;587;192;23;460;1532;779;12;3254;690;2395;39;1270;1270;625;;1122;1944;796;8;268;36;119;2;2;19;1233;105;545;726;103;;2;58
;1;22;2;2;3;;;24;;4;2;21;5;12;1;;9;5;4;;;5;6;18;27;19;1;19;38;137;3;169;16;116;4;88;37;107;;35;71;153;;6;4;17;1;1;;39;2;28;22;33;;;1
21;35;133;31;54;47;8;5;118;1;11;32;84;42;66;22;15;50;83;90;;44;55;27;135;79;82;7;63;49;182;20;467;145;278;14;144;80;73;;99;107;34;4;175;17;34;3;;6;129;11;143;39;49;;113;17
5;;;;;;;;3;;;;2;1;;;;;1;;;2;;;3;;;;;1;6;;5;3;3;;1;1;2;;1;2;;;;;3;;;;9;3;4;5;1;;;
;76;1;;;170;1;;42;7;2;201;207;71;6;;;58;;2;;2;;4;;6;5;29;1;147;;;;12;4;3;2;16;;1;1345;19;74;4;37;32;;1;28;18032;239;21;31;12;34;1;;
;3;2;;;3;;;6;1;;;7;8;1;;2;1;;1;;;1;1;;3;4;2;;;5;;5;2;7;;1;2;4;;;5;4;;;;;1;1;18;12;3;1;4;;;7;1
;4;6;;1;;;1;1;;;1;1;;;;;3;;;;;;;1;2;1;;1;7;2;;5;6;8;;5;1;2;;3;23;2;;;1;;;;5;1;1;;1;;;;
;4;8;;;1;;1;5;;;10;13;11;4;2;16;2;;3;;1;2;;5;2;6;3;1;6;4;;18;4;10;1;8;6;12;;3;25;7;;1;1;7;;2;9;36;;10;13;4;;5;2
5;27;93;5;27;33;4;5;103;1;2;40;189;51;36;4;55;108;27;11;;3;10;5;150;124;115;14;29;266;280;1;1173;60;439;4;381;193;463;;217;610;530;1;53;18;77;;12;59;504;30;95;77;28;;28;2
;1;12;2;11;3;1;;1;;1;5;14;2;4;;15;14;3;1;1;3;;;15;4;2;2;2;73;17;1;135;8;91;3;66;17;19;;20;96;12;;11;6;4;;4;8;59;5;7;8;1;;17;
;;;;2;1;;;;;1;;;;1;;1;1;1;;;;;;;1;;;3;1;;;2;1;1;1;3;5;1;;3;4;;;;3;;;7;;2;2;;2;;;;
24;14;147;18;318;406;26;2;1241;12;195;61;572;16;83;5;107;268;126;155;13;22;20;19;187;22;607;21;97;2227;1796;13;339;411;224;8;645;237;1431;41;377;765;2772;3;201;651;325;1;147;59;2091;136;99;227;474;9;3;
;4;2;2;3;50;;;6;1;6;39;1;;3;;4;27;1;10;1;9;1;;4;2;13;5;8;254;26;2;18;17;31;2;25;46;28;4;95;57;29;;4;48;5;;3;26;57;35;6;40;3;1;;
1;2;8;1;10;2;;;4;;;1;7;1;9;2;10;1;7;;;2;1;;7;4;7;;2;17;14;;69;1;31;;37;3;15;;7;33;17;;4;1;3;1;3;3;41;3;4;3;;;;
;;4;;1;1;;1;5;;;1;7;;3;1;;2;1;;;;;1;4;3;1;;1;11;11;;75;1;25;1;14;5;8;;4;25;4;;1;;2;;;;11;;7;3;1;;;
;1;3;;1;;;;;;;;3;;2;2;;;;;;;;2;3;1;;;;6;3;1;25;;15;;5;3;3;;;21;1;;;;;;;;4;;2;;1;;;
;;;;;;;;;;;;;;;;;;;;;;;;;;;;;;;;1;;;;1;;;;;2;;;;;;;;;;;;;;;;
1;1;11;;2;2;;1;3;;1;13;5;3;3;2;10;21;5;;;2;2;1;18;11;14;3;10;123;30;;138;7;77;1;36;28;29;;15;238;31;;9;7;4;5;3;17;45;1;20;14;3;;;
;2;2;1;6;1;;;2;;;2;2;1;5;;5;8;;;;;;2;1;7;5;;7;37;8;;44;;10;;38;17;9;;17;37;10;;1;29;6;;17;3;27;6;2;12;1;;;
;;1;;;;;;;;;;;;;;;;2;;;;;;;;3;;1;;;;;;1;;29;;6;;;;10;;;;;;20;;4;;;;;;14;
;2;5;;7;;;1;1;1;;4;5;1;1;;2;9;;;;;1;3;1;10;5;1;4;31;15;2;39;9;37;2;58;23;11;3;4;61;4;;2;25;2;;4;6;17;4;;12;1;;3;
;4;1;1;3;;;;;;;1;2;;1;;;12;;;;;;;4;17;;;7;8;2;;10;8;9;;4;15;1;;5;12;1;;;20;;;1;;8;3;;6;;;;
;;3;1;2;;;;1;;1;1;3;;1;;1;2;;;;;2;;;1;2;;;9;3;;23;3;15;;8;3;4;;2;22;3;;1;;1;;;1;2;;3;3;;;1;
1;2;8;;;1;;;12;1;;13;15;15;6;2;;6;;;;1;1;2;5;12;8;12;8;19;18;;93;1;77;;39;18;46;;29;104;41;;2;;3;;;13;16;4;11;4;1;;;
;;6;;;;;;4;;;2;5;;3;1;;1;;1;;1;1;;2;4;4;1;;7;18;;91;2;21;;37;8;7;;8;34;5;;2;1;;;;1;7;1;4;1;1;;1;
;2;27;6;11;12;1;1;8;;;1;5;3;11;1;1;33;10;6;;4;5;4;10;4;8;1;1;143;32;;34;11;48;1;106;34;7;;35;189;11;;4;6;2;1;;10;110;10;9;52;1;;1;2
5;13;7;2;4;1;3;;12;;1;6;6;3;8;1;10;22;18;5;;15;1;14;23;7;24;1;15;238;9;1;18;7;29;2;37;16;14;;21;72;21;;11;31;10;1;78;60;253;34;15;50;2;;2;
26;26;136;10;119;41;18;12;230;32;17;274;84;96;35;3;75;176;82;49;6;134;41;113;158;208;473;105;223;1385;170;34;208;374;587;19;814;840;498;71;471;1241;437;20;132;329;75;56;190;406;1149;429;192;421;67;62;6;19
15;80;1033;84;123;44;225;12;3919;11;9;374;6383;487;229;56;1065;1088;54;40;26;39;48;29;674;1307;417;80;572;2537;3463;34;12159;639;1683;42;1939;794;1362;7;8970;2776;4295;8;3164;671;783;24;310;41;20388;827;3364;640;1522;20;1047;39
6;2;109;3;12;7;11;10;453;6;3;126;970;403;30;11;113;29;3;8;;3;4;3;88;58;190;65;73;110;791;7;1907;26;154;7;397;58;367;5;839;165;750;8;392;92;60;12;114;20;2425;88;401;61;142;14;33;1
;37;11;21;6;25;;;4;2;3;24;10;6;4;1;4;293;5;23;;160;13;22;7;21;5;2;42;874;9;3;13;83;62;11;51;434;6;2;163;875;11;3;13;188;2;4;3;93;103;133;9;391;7;3;7;141
4;7;30;8;7;36;;4;64;10;1;263;49;37;17;1;8;70;6;35;2;23;8;18;76;39;89;104;27;888;177;69;173;103;205;4;403;176;145;33;165;945;204;26;31;84;36;49;12;615;253;99;50;138;16;44;5;7
;32;;24;1;24;2;;44;;;25;24;5;;;;128;;16;;21;2;6;;18;;7;1;580;;7;1;50;3;3;3;67;6;2;279;339;14;;82;17;;1;;;113;22;64;56;30;1;;4
;;;;;;;;;;;;;;1;;;;;;;;;;;;;;1;4;1;;1;;2;;2;2;;;;4;;;;1;;;;;1;1;;2;;;;
;;;;;;;;;;;;;;;1;;;;;;;;;;;;;;;;;2;;;;;;;;;;2;;;;;;;;;;;;;;;
;6;9;;9;6;;8;12;;4;27;28;28;3;1;5;10;4;4;;;;;6;5;29;11;;133;86;2;117;5;97;;108;6;60;;6;273;35;;2;7;10;5;3;186;37;1;;11;11;2;;
;;;;;;;;;;;;;;;;;;;;;;;;;;;;;;;;2;;;;;;1;;;;;;;;;;;;;;;;;;;
1;;2;;2;;;;1;;;1;1;2;1;;6;;;1;;;;;2;1;2;;1;28;4;;9;;9;;30;2;1;;3;46;;;;1;1;;1;18;19;;2;2;1;;;
;;;;;3;2;;18;;;;2;;1;1;;;;;1;1;;;;2;1;;;5;;;;;1;;;;;;46;;;;19;;;;;1;28;;1;;11;;;
;;;;1;;2;;5;;;;;;;;;;;;;1;;;;;;;;2;;;;;;1;;;;;16;;;;3;;;;;3;160;2;;;30;;;
3;8;312;5;32;15;19;3;729;2;1;19;367;18;136;24;137;123;16;7;5;8;12;16;163;259;64;19;274;454;808;5;4437;141;753;15;1315;221;258;3;2005;703;510;1;534;272;122;;122;17;5995;192;946;275;239;4;;
;1;;;2;2;;;2;;;;3;1;;;;;;;;;;;1;2;1;;1;3;4;;16;1;1;;;;;;4;5;2;;1;3;;;1;;12;1;;;2;;1;
;;40;;1;2;5;1;142;;;12;63;16;7;2;4;25;1;;;1;3;4;11;44;13;3;69;50;128;3;801;21;137;;111;30;53;;275;76;60;;50;9;3;4;;1;269;11;113;43;14;;;
105;220;534;457;104;240;78;1;443;2;1079;43;66;30;41;15;143;171;1454;496;14;192;5122;668;568;628;550;54;5145;11266;409;95;331;519;2695;204;3623;1114;587;1;2097;2386;127;9;1914;257;45;22;6;25;5935;1050;1513;2123;482;1;172;18
;8;7;22;6;6;;;7;2;1;8;12;3;3;;19;58;2;11;;;7;2;18;27;9;3;11;476;22;11;43;30;61;;56;49;34;3;15;224;25;4;9;96;7;;3;7;68;48;4;156;8;5;;
;1;2;2;1;5;;;;;;;;;;;3;6;;3;;2;2;;;;;;;;;;;;;;;;;;;;;;;;;;;;;;;;;;;
;;;;;;;;;;;;;;;;;;;;;;;;;;;;;;;;;;;;;;;;;;;;;1;;;;;;;;;;;;
1;7;35;6;7;9;2;1;4;;1;3;7;2;16;;1;33;22;15;;10;2;2;16;6;15;;;160;26;;24;4;36;;64;14;20;;12;131;28;;3;5;5;;2;39;61;;9;19;2;;;
;;;;;;;;;;;1;;;;;;1;;;;;2;;;;;;1;3;1;;1;;2;;;;1;;;5;;;;;1;;;;1;;;;;;;
2;23;84;21;18;17;2;1;70;2;2;280;168;27;64;18;32;272;5;7;;10;3;48;86;318;60;60;30;1711;159;24;1259;80;127;15;174;324;138;;188;1290;156;4;30;53;42;;;9;372;169;48;391;23;19;1;
1;12;34;7;4;15;3;;8;;;9;46;5;51;9;25;89;5;2;;14;1;4;15;34;21;5;4;368;37;;260;10;26;2;91;43;47;1;72;271;119;1;6;34;7;;;1;182;40;17;79;2;1;;
;;1;;;;;1;4;;;16;4;4;1;;;3;3;;;1;3;1;3;4;23;1;10;14;1;;3;2;32;;2;;54;;29;7;28;;7;;1;;;2;12;;15;;4;;;
8;1;8;1;4;3;1;1;4;17;;42;7;7;;;5;10;12;;1;29;4;1;4;14;14;14;23;80;1;;18;2;65;;41;3;23;8;177;89;23;1;27;30;;4;1;48;150;13;72;5;2;;5;3
15;69;45;85;36;66;2;2;41;1;10;97;40;14;19;12;27;1156;57;65;2;304;41;105;47;162;83;18;398;2408;88;1;131;172;214;52;279;2634;89;2;1644;1229;52;4;36;834;32;25;7;279;399;1713;57;1802;9;3;1;35
;;1;;;;;;;;;;;;;;;1;;;;;;;2;;;2;5;;1;;;;1;;;5;2;;;7;;;;1;;;;1;1;;;3;;;;
;2;;;1;;;;;;;1;3;1;;;8;2;;77;;;;;;18;;;6;3;1;;10;3;7;3;3;5;1;;4;4;5;;;3;1;;10;1;9;1;3;4;1;15;;
;;;82;;;;;1;1;1;1;1;3;;;;1;1;;;6;5;;;1;;;;;1;;;;;;2;;;;;;;;2;1;1;;1;6;1;2;;1;1;;;
45;11;15;17;20;32;6;2;64;2;407;52;2;11;14;11;74;16;220;;17;50;1258;37;33;12;234;69;59;243;11;18;10;20;69;20;78;41;40;;30;60;4;8;155;19;5;50;14;101;81;36;117;30;81;;1;
;;;;;;;;1;;;2;;;;;;2;;;;;;;;1;;1;;4;;;4;;;;5;1;1;;;6;3;;;;1;;;;2;1;;1;;;;
;2;5;;4;;;;7;;;3;12;1;3;1;4;5;3;2;;;1;;10;7;9;2;2;23;16;;53;2;31;1;37;11;14;1;11;44;10;;;2;7;;8;21;32;1;8;7;;;1;
;;3;;;;1;;25;;;2;8;3;;;;2;1;4;;1;;;7;1;2;;16;13;15;;38;;16;;14;;13;;137;15;72;;11;8;3;1;11;162;80;;13;1;12;;;
;;;;;;;;;;;1;1;;;;;;;;;;;;;;;;;;;;1;;;;;;;;;;1;;1;;;;;;;;;;;;;
;1;;;;;1;;;;;;;;;;;;;;;;;;;;;;;2;;;;1;1;;1;1;1;;1;1;;;1;;;;;;1;;;1;;;;
;;;;;;;;;;;;;;;;;;;;;;;;;;;;;;1;;;;;;;;;;1;;1;;;;;;;;1;;;;;;;
;;;;;;;;2;;;;1;;;;1;;;;;;;;;;;;;;;;4;;;;1;;;;4;;;;1;1;;;;;4;;;;;;;
;;;;;1;;;;;;2;;;;;;1;;1;;1;;;;;;;;3;2;1;1;1;1;;1;;2;;;3;2;;1;;;;;;;;;;;;;
;;1;1;1;1;;;5;;;;;;;;1;3;4;;;2;1;1;3;;3;;1;9;;;2;;7;;5;1;2;;5;8;4;;2;7;1;;;;10;2;3;;2;;;
;16;;;;;;;;;;;;;;;;;;;;;;;;;;;;;;;;;;;;;;;;;;;;;;;;;;;;;;;;
;5;5;1;;1;;;1;;1;1;8;1;8;1;1;2;;;;;;2;2;4;4;1;1;54;17;1;50;6;33;1;54;3;17;;3;84;17;;3;2;1;1;4;12;34;;6;2;1;;;
1;1;15;;4;2;;2;8;;1;3;31;4;16;1;1;8;;;;1;1;1;11;10;11;3;7;95;59;;277;8;101;1;205;19;90;;24;212;80;;12;3;6;;1;3;45;;10;13;2;;;
1;2;4;;2;3;;;8;;;;20;;2;;2;4;4;;;;;1;4;11;9;;1;38;23;;32;6;30;1;17;15;17;;5;68;22;;4;3;5;1;2;5;21;;10;6;1;;;
1;6;21;1;5;4;2;;4;;;7;14;2;38;;10;23;2;;;;2;3;9;29;12;;9;150;15;;122;3;58;3;198;55;36;;89;214;50;;6;28;10;1;2;8;111;11;27;25;2;;171;6
;;;;;1;;;;;;;;;;;;;;;;;;;;3;;;1;9;1;;8;1;3;;4;1;;;;9;;;;;;;;;2;1;;1;;;;
28;16;183;5;54;11;10;3;118;4;6;115;256;33;121;7;59;143;81;14;2;18;6;5;351;72;139;6;69;243;462;1;574;57;485;2;547;61;404;2;216;707;821;;83;80;254;2;59;51;785;45;105;45;28;;283;40
2;;20;;17;2;3;;14;;;;14;3;6;;2;;5;2;;;1;;14;2;8;2;2;17;34;;63;;26;;106;2;18;;2;33;32;;5;1;4;;;2;186;;5;;3;;33;
;;;;;;;;;;;;;;;;;1;;;;1;;4;;;;;;1;;;;;;;;;2;;;;;;;;;;;;;;;1;;;;
;;;;;;;;;;;;;;;;;;;;;;;;;;;;;;;;;;2;;1;;;;;;;;;;;;;;;;;;;;;
1;2;18;;3;6;;;8;1;35;;14;2;11;;2;15;6;7;;2;;;28;2;10;;5;22;34;;118;10;58;;72;11;46;;18;26;67;;7;6;2;1;2;42;104;24;20;5;9;1;;
1;4;19;1;3;22;;;3;;;4;8;;5;2;;26;8;2;;7;;1;10;2;9;;1;75;21;;11;4;11;;41;13;23;;22;67;22;;5;12;3;;1;138;32;5;2;22;1;;;
;;5;;3;2;2;1;5;;;5;7;2;1;;1;4;2;;;2;5;3;4;2;4;1;3;4;3;1;4;3;3;4;2;6;2;;3;4;;;5;15;5;1;15;49;5;;5;;4;1;;
;5;3;1;;2;;;3;;;1;7;2;1;;;27;;;;6;1;5;10;19;6;;37;22;7;;5;44;10;4;21;122;6;;45;11;7;;1;30;1;1;;35;8;37;;32;;;;1
;3;2;1;2;;;;1;;;;5;;4;;;21;;;;8;1;1;6;2;3;;11;37;10;1;5;10;6;1;16;27;13;;41;23;8;;1;30;3;;2;97;15;7;3;31;;;;
1;2;7;1;4;6;;;6;;1;7;7;6;1;1;6;2;5;2;1;3;5;1;8;4;10;1;2;2;9;1;6;3;5;;11;5;12;;12;3;9;;3;7;4;;9;44;8;3;5;4;1;;1;
;;12;3;2;7;;;1;;;;2;1;5;1;;7;;2;;;;;3;2;;;;23;9;;5;1;3;1;28;7;10;;8;27;22;;1;4;6;;;5;15;1;2;4;1;;;
;7;86;7;18;46;8;;257;1;1;33;321;69;15;6;70;107;6;21;1;15;1;2;11;93;68;15;62;220;212;4;407;29;61;7;197;81;50;;309;215;79;;44;85;26;1;7;78;1425;209;58;100;34;1;3;5
;1;;;;;;;;;;1;;1;;;;3;3;;;;;;1;3;6;;19;1;;;1;1;5;;;;2;;6;;1;;;;1;;;;4;1;;;;;;
2;3;31;2;9;4;;;18;;3;24;40;9;3;1;3;56;5;5;;13;10;20;23;51;31;4;60;135;110;8;126;146;191;16;105;376;131;1;169;235;112;3;12;36;15;5;6;28;81;92;38;71;46;4;1;10
3;1;7;;;3;;;;;;;;;7;;1;5;;2;;9;1;;4;22;1;1;1;29;1;;7;6;27;3;30;27;4;1;32;27;5;;3;20;;;1;8;97;8;8;17;1;;;
;;;;;;;;;;;;;;;;;;;;;;;;;;;;;;;;;;;;;;;;;;;;;;;;;;;;;;;;6;
;;;;;;;;1;;;;;;;;;1;;;;;;;4;;;;;;2;;1;;;;;;;;4;;1;;;1;;;7;;1;;;1;4;;;
;;;;;;;;;;;;1;;;;;4;;;;;1;;4;;1;;;;;;1;;;;2;;;;10;;2;;3;;;;;;3;;;;3;;;
;;;;;;;;;;;;;;;;;3;;;;;;;;;;;1;;;;;;3;;;1;;;9;;;;1;1;;1;3;;1;1;;;;;;
;;;;;;;;;;;;;;;;;;;;;;;;;;2;;;;;;;;1;;1;;;;2;;1;;1;;;;;;2;;1;;1;;;
;;;;;;;;;;;;;;;;;;;;;;;;;;;;;;;;;;;;1;1;;;4;;;;;;;;1;;;;;;;;;
;;;;;;;;;;;;1;;;;;;;;;;;;;;;;;;1;;;;2;;3;;;;;;;;;1;;1;7;;5;;1;;2;;;
;;;;;;;;;;;;;;1;;;;;;;;;;1;1;1;1;;7;1;;;4;4;;3;4;;;;6;1;;;2;;;1;1;2;1;;;;;;
;;;;;;;;;;;;;;;;;9;;;;;;;;;;;;;;;;;;;;;;;;;;;;;;;;;;;;;;;;
;;;;;;;;;;;;;;;;;;;;;;;;;;;;;1;;;;;1;;;;;;;;;;;;;;;;;;;1;;;;
;;;;;;;;;;;1;;;;;;;;;;;;;;;;;1;;;;;;;;;;;;1;;;;;;;;;;;;;;;;;
;;;;;;;;2;;1;1;;;;;;1;1;;;;;;4;1;1;;1;;;;2;;2;;8;;;;7;3;;;4;2;;;;;;;1;;;;;
;;;;;1;;;1;;;;;;;;;;;;;;;;1;1;1;2;2;2;;;;;3;;5;;;;13;1;;;2;;;;1;;5;1;;;3;;;
;;;;;;;;1;;1;;1;;;;;;;;1;;1;;3;;;;1;;;;3;;2;;3;;;;13;1;2;;1;1;;;6;;4;1;;1;8;;;
;;;;;;;;2;;;;;;;;;;;;;;1;;5;;1;;6;;;;;;2;;8;;;;21;3;1;;1;;;;1;;12;;1;;6;;1;
;;;;;;;;;;;;;;;;;;;;;;;;;;;;;1;;;;;;;;;;;;;;;;;;;;;;;;;;;;
;;;;1;;;;;;;;;;;;;24;;;;5;;5;;2;;;;4;;;;1;;;;1;;;;3;;;;;;;;;;;;;;;;
;;;;;;;;;;;;;;;;;5;;;;62;;27;;;;;;;;;;;1;;;;;;;1;;;;;1;;;;;;;3;;;;
;;;;;;;;;;;;;;;;;;;;;;;;;;;;;1;;;;;;;;1;;;;;;;;;;;;;;;;;;;;
;;;;;;;;;;;;;;;;;;;;;4;;;;;;;;;;;;;;;;;;;;;;;;;;;;;;;;;;;;
;;;;;;;;;;;;;;;;;;;;;11;1;3;;;;;;;;;;;;1;;;;;;;;;;1;;;;;;;;;;;;
;;;;;;;;;;;;;;;;;1;;;;;;;;;;;;;;;;;;;;;;;;1;;;;;;;;;;;;;;;;
;;;;;;;;;;;;;;;;1;;;;;;;1;;;;;;;;;;;;;;;;;;;;;;;;;;;;;;;;;;
;;;;1;;;;;;;;;;;;;;;;;5;;2;;;;;;;;1;;;1;;;1;;;;;;;;;;;;;2;;;;;;;
;;;;;;;;;;;;;;;;;1;;;;3;;;;;;;;2;;;;;;;;;;;;1;;;;;;;;;;;;;;;;
;;;;;;;;;;;;;;;;;5;;;;1;1;1;;;1;;;4;;;;;;;;;;;;3;1;;;;;;;;;;;;;;;
;;;;;;;;;;;;;;;;;1;;;;2;;;;;;;;;;;;;;;;;;;;;;;;;;;;;;;;;;;;
;;;;;;;;;;;;;;;;;1;;;;;;;;;;;;;;;;;1;;;;;;;;;;;;;;;;;;;;;;;
;;;;;;;;;;;;;;;;;1;;;;5;;;;;;;1;2;;;;;;;;1;;;;;;;;;;;;;;;;1;;;;
;;;;;;;;;;;;;;;;;;;;;5;;;;;;;;;;;;;;;;;;;;;;;;1;;;;;;;;;;;;
;;;;;;;;;;;1;;;;;;;;;;;;;;;;;;;;;;;;;;;;;;;;;;;;;;;;;;;;;;
;;;;;;;;;;;;;;;;;15;;;;128;;9;;;;;;;;;;;;;;;;;;;;;;;;;;;;1;;1;;;;
;;;;2;;;;;;;;;;;;;1;;;;1;;1;;;;;;;;;;;;;;;;;;;;;;;;;;;;;;;;;;
;;;;;1;;;;;;;;;;;;4;;;;1;;1;;;;;;;;;;;;;;;;;;;;;;;;;;1;1;;;;;;;
;;;;;;;;;;;;;;;;;;;;;21;1;5;;;;1;;;;;;;;;;;;1;;1;;;;;;;;;;;;;;;;
;;;;1;;;;1;;;;;;;;;;;;;1;;;;;;;;4;;;;;;;;;;;;1;;;;;;;;;;;;;;;;
;;;;;;;;;;;;;;;;;1;;;;1;;3;;;;;;;;;;;;;;;;;;;;;;;;;;;;;;;;;;
;;;;;;;;;;;;;;;;;1;;;;18;;;;;;;;;;;;;;;;;;;;;;;;;;;;;;;;;;;;
;;;;;;;;;;;;;;;;;1;;;;1;;;;;;;;1;;;;;1;;;;;;;;;;;;;;;;;;;;;;;
;1;;;;;;;;;;;;;;;;;;;;1;1;1;;;;;1;;;;;;;;;;;;;;;;;;;;;;;;;;;;;
;;;;;;;;;;;;;;;;;2;;;;5;;;;;;;;;;;;;;;;;;;;;;;;;;;;;;;;;;;;
;;;;;;;;;;;;;;;;;;;;;;;;;;;;;2;;;;;;;;;;;;;;;;;;;;;;;;;;;;
;;;;;;;;;;;;;;;;;1;;;;1;;;;;;;;;;;;;;;;;;;;;;;;;;;;;;;;;;;;
;;;;;;;;;;;;;;;;;;;;;4;;;;;;;;;;;;;;;;;;;;;;;;;;;;;;;;;;;;
;;;;;;;;;;;;;;;;;1;;;;1;;;;;;;;;;;;;;;;;;;;;;;;;;;;;;;;;;;;
;;;;;;;;;;;;;;;;;;;;;2;;;;;;;;;;;;;;;;;;;;;;;;;;;;;;;;;;;;
;;;;;;;;;;;;;;;;;;;;;26;;2;;;;;;;;;;;;;;;;;1;;;;;;;;;;;1;;1;;;;
;;;;;;;;;;;;;;;;;1;;;;12;;;;;;;;;;;;;;;;;;;;;;;;;;;;;;;;;;;;
;;;;;;;;;;;;;;;;;;;;;;;;;;;;;1;;;;;;;;;;;;;;;;;;;;;;;;;;;;
;;;;;;;;;;;1;;;;;;2;;;;1;;2;;;;;;2;;;;;;;;;;;;;;;;;;;;;;;;;;;;
;;;;;;;;;;;;;;;;;;;;;1;;;;;;;;;;;;;;;;;;;;;;;;;;;;;;;;;;;;
;;;;1;;;;;;;;;;;;;;;;;;;2;;;;;;;;;;;;;;;;;;;;;1;;;;;;;;;;;;;
;;;;;1;;;;1;;;;;;;;;;;;;1;6;;;;1;;;;;1;;;;;;;;;;;;;;;;;;;;;1;;;;
;;;;;;;;;;;;;;;;;;;;;7;;;;;;;;;;;;;;;;;;;;;;;;;;;;;;;;;;;;
;;;;;;;;;1;;;;;;;;;;;;3;;1;;;;;;;;;;;;;;;;;;;;;;;;;;;;;;;;;;
4;7;23;1;4;13;3;1;9;;;21;46;4;9;2;4;31;8;5;;14;5;1;56;26;54;;90;72;108;;77;9;84;;161;63;231;;75;59;145;;34;43;34;2;28;124;73;9;31;32;4;1;21;5
4;9;68;3;10;87;;3;7;2;1;14;81;3;51;1;;27;14;2;;3;2;1;36;3;35;7;7;166;227;7;89;15;63;3;277;29;89;2;19;178;201;1;18;28;29;1;26;1245;205;13;17;18;12;1;;
;;3;;;;1;;;;;;;;;;1;;;;;;;;;;;;;1;;;;;1;;1;;;;1;1;;;;;;;;;;;;;;;;
;;;;;;;;;;;;;;;;;;;;;;;;;;;;;1;;;;;;;;;;;;;;;2;;;;;;;;;;;;;
1;6;54;2;18;3;10;2;162;4;1;16;126;8;25;6;39;59;4;4;3;5;2;10;36;117;19;3;76;154;193;6;1230;81;213;1;237;60;60;1;384;130;112;;65;85;30;;27;6;1012;84;213;55;66;1;1;1
;1;10;;15;2;4;;108;;1;2;71;1;4;1;10;2;3;2;;;1;;13;11;30;2;12;31;61;;64;3;23;1;36;5;30;1;39;33;84;;34;5;13;1;7;4;337;1;26;6;15;1;2;
;1;9;;3;1;;;;;;;6;;6;;2;5;1;;;1;1;;2;5;2;;;8;2;;16;;11;;25;5;6;;13;25;4;;1;3;;;2;6;26;3;3;1;1;;2;
1;;2;;;;;;;;;;;;3;1;;1;;;;;;;;;;;;1;;;6;;2;;;;;;;6;;;;1;;;;;1;;;;;;;
;2;6;1;1;2;;;;;;;;;1;1;;8;1;1;;3;;;2;2;;;;34;8;;10;6;14;;20;3;2;;6;92;4;;;4;;;;1;9;2;3;19;;;;3
;1;;;2;3;;;;;;1;;2;;;;1;1;1;;;;;3;;;1;;32;4;;3;;15;1;6;2;3;;4;26;2;;3;;1;;;3;5;;;;;;;
1;;;;;;;;;;;;2;;;;;1;;;;;;;2;4;1;;1;14;2;;6;1;2;;4;1;12;;1;6;12;;;1;2;;;;5;;2;2;;;;
;;;;;;;;;;;;;;;;;;;;;;;;;;;;1;4;;;4;;;;1;;;;1;1;1;;;;;;;;3;;;2;;;;
;1;;1;;;;;1;;;;;;;;;3;;;;1;;;;1;;;;7;2;1;2;4;2;;1;7;;;1;4;3;;1;1;;;;;;;;3;;;;
;;;;;;;;1;;;;2;;;;;;;;;;;;;2;;;;1;;;;1;;;;2;;;4;2;;;6;;;;;;2;;9;;18;;;
1;2;5;1;1;6;;;1;;;;1;;1;;;12;;1;;4;;2;6;;6;1;3;44;10;1;33;13;17;;16;20;8;;14;48;14;;1;2;5;;;;19;6;13;6;2;;;1
;1;1;;;3;;;;;;1;1;;;;;;1;;;;;;1;;;;;24;1;;;1;2;1;;;;;;14;1;;;;;;;;;;;;;;;
;;;1;;2;;;1;;1;2;1;;2;;;10;1;1;;5;1;1;;;2;;;6;3;2;3;6;5;6;1;10;3;;4;4;2;;7;2;4;;;;9;9;13;21;19;;;5
;1;;;;;;;;;;2;;1;;;;2;;;;;;;;3;;1;;12;;;;2;2;1;;;2;;6;36;9;;1;;;1;;1;2;1;3;3;3;;;
;;;;;;;;1;;;;;;;;;1;;;;;;;;;;;;;;;;;;;;;;;;;;;;;;;;;;;;;;;;
;2;;1;;2;;;;;;1;;;;1;1;25;;;;4;2;7;;1;7;;3;1;3;;;;1;;3;4;1;;1;4;3;;2;1;4;;;1;1;;;2;8;;;
;;;;;;;;;;4;5;;;;1;;;;;;;;;2;;1;1;5;2;1;;;3;2;1;;9;1;;5;6;2;;1;2;;;1;2;;2;2;7;3;;;
;1;;;;;;;1;1;;;;;;;;11;;;;5;;;;1;1;;16;;;;;7;1;;;12;;;57;5;;;3;3;;1;;2;1;6;3;15;;;;10
1;;;1;1;1;;1;;;1;2;;;;;;19;;3;;;1;;1;15;1;;22;5;;;1;17;3;;;40;1;;11;8;1;1;;13;;;;26;16;6;5;13;;;;
;;;;;;;;;;;;;;;;;;;;;;;;;;;;;;1;;;;;;;;;;;;;;;;;;;;;;;;;;;
;6;;;;;;;;;;;;;;;;;;;;;;;;;;;;;;;;;;;;;;;;;;;;;;;;;;;;;;;;
;;;;;;;;;;;;2;;;;;4;;;;;;;1;;;;;;;;;;;;;1;;;;2;;;;;;;;;2;;;1;;;;
;;;1;;;;;2;;;2;1;;1;1;;5;;;;2;;;;5;;;1;1;;;2;4;;2;;4;;;15;3;;;1;2;;;;;3;2;1;7;;;;
;1;;;;2;;;;;;;;;;;;;;;;;;;;;;;;2;;;;;;;;;;;;2;;;;;;;;;;;;1;;;;
;1;;;;2;;;1;;;;1;;;;2;2;;;;1;1;;2;;1;;;9;1;;8;;4;;7;;6;;4;4;16;;1;;2;;;;10;;4;1;3;;;
;;;;;;;;;;;;;;;;;;;;;1;;;;;;;;;;;;;;;;;;;;;;;;;;;;;;;;;;;;
;;;1;1;;;;;;1;;;;;;;;;;;;1;1;1;;1;1;;4;4;;4;1;2;;2;2;2;;6;7;5;;1;;;;;;5;1;1;2;1;;;
27;39;194;12;76;28;4;20;204;7;29;220;250;99;80;16;83;255;65;20;2;31;24;27;347;424;544;35;298;581;859;6;934;54;787;8;968;263;1621;;407;819;1016;10;117;178;138;5;85;11;711;129;244;250;101;10;69;6
;;1;;1;;;;3;;1;1;6;;1;;;5;1;;1;5;;;1;;11;;3;10;8;;8;7;5;;4;5;28;;4;9;36;;5;10;5;;8;;16;2;5;5;4;1;;
;1;1;1;;;;1;3;;1;4;1;1;;;;15;;1;;;2;;;3;1;2;2;82;2;1;15;9;19;2;5;28;5;;8;67;7;;3;;;;;;6;3;6;21;2;;;2
;6;;1;;1;;;;;;2;4;;;;;;;;;;;;;;;;;;;;3;;1;;;1;;;9;2;3;;;;;;;2;1;;2;1;1;;;
;;;;;1;;;;;;1;;;1;;;;;1;;1;1;1;;;;;;4;;1;2;1;;1;2;;;;;14;;;;;;;;1;3;;;1;;;;
;;;;;;;;;;;;;;;;;1;;;;;;;;;;;;1;3;;;;;;1;;;;;;;;;;;;;;2;;;;;;;
;;;;;;;;;;;;;;;;;;;;;;;;;;;;;;;;;;;;1;;;;;1;;;;;;;;;;;;;;;;
1;;;9;;;;;2;;;;;;1;;;1;;;;1;;9;1;;1;;;;;1;3;1;;;1;;;;1;1;1;;3;1;;;;1;8;29;3;1;2;1;;
;1;7;28;1;2;;;6;;;4;;;7;;1;9;1;;;3;1;76;5;6;;;16;9;3;1;19;23;10;6;4;23;;;38;20;5;;7;6;2;1;;2;4;38;5;8;3;;;4
;;;;;1;;;1;;;1;1;;;;;1;;;;;1;;;;4;;1;18;1;;2;;14;1;5;1;1;;1;9;2;;1;;;;;2;9;1;2;2;1;;;
;;;;;;;;1;;;;4;;3;;;3;1;;;;1;1;5;11;3;;1;4;2;;4;1;5;1;16;8;4;;13;7;8;;;;1;;;1;5;;2;3;;;;
;;;;;;;;;;;;1;;;;;5;;;1;1;;;1;;;;1;11;;;5;7;1;1;;15;1;;8;14;1;;;6;;;;;7;8;1;4;;;;
;1;1;;;;;;;;;;;;;;;4;;;;1;;1;;1;;;1;4;;;1;2;1;1;1;4;;;10;2;;;1;6;;;;;1;4;;8;;;;1
;3;20;3;2;14;;;14;;3;5;18;8;9;3;;12;8;16;;;5;4;27;20;6;1;7;150;35;;126;10;105;3;63;73;42;;45;224;51;1;12;;3;;;6;49;2;41;59;8;;;
3;9;30;19;7;24;;;3;;2;8;9;;9;2;2;87;6;17;;17;4;12;12;31;5;;15;201;8;;26;26;19;1;60;162;15;;121;279;32;1;7;40;1;;;12;160;39;25;136;6;2;;
;;;;;5;;;;;;2;;;;;1;7;;2;;;;1;1;1;;;;16;;;1;1;;;1;3;2;;;12;2;;;;;;;1;2;4;;1;1;;;
;1;;;;;;;;;;;;;;;;;;;;;;;;;;;;;;;;;;;;;;;;;;;;;;;;;1;;;1;;;;
;1;7;2;4;9;;;2;;;5;4;;1;1;2;5;1;;;1;;;6;;3;1;2;42;10;1;11;2;4;1;14;19;6;;13;42;6;;2;;2;;;;37;1;3;10;3;;;4
;;;;;;;;;;;;1;;;;;;;;;1;;;;;;;;;;;;;;;;;;;;;;;;1;;;;;;;;;;;;
;;;;;;;;;;;;;;;;;;;;;;;;;1;;;;;;;;;;;;;;;1;;;;;;;;;;;;;;;;;
;;;;;;;;;;;;1;;;;1;2;;;;;;1;;;;;;;;;;;;;;;;;;;;;;;;;;;;;;;;;;
;;;;;;;;;;;;;;1;;;;;;;;;;;1;;;1;;;;;;1;;;;2;;;1;;;;;;;;;;;;;;;;
;;;;;;;;;;;;;;;;;;;;;;;;;;;;;2;;;;1;;2;;;;;1;5;;;;1;;;;;1;;;1;;;;
;;;;;;;;;;;;;;;;;;1;;;4;;;;;;;;;;;;;;;;;;;;;;;;;;;;;;;;;;;;
3;6;2;;;1;1;;6;1;;4;4;1;2;;;9;2;1;1;14;;7;10;6;29;;108;10;13;;;1;15;2;26;17;1;;58;5;4;;7;58;;;5;18;149;31;2;17;1;;;
;;;;;;;;;;;;;;;;;;;;;;;;;;;;;;;;;;;;1;;;;1;;;;;;;;;;2;;;;;;;
;;1;;;;;;1;;;;;2;;;;1;;;;;;;;;;1;;3;1;;1;;;;4;;;;;5;1;;;1;1;;;;3;1;;1;1;;;
;;;;;;;;;;;;;;;;;1;;;;;;;1;;1;;2;7;;;;2;2;1;1;3;;;1;6;1;;;1;;;;;;1;;3;;;;
;;;;;;;;;;;;;;;;;;;;;;;;;;;;;;;;;;;;;;;;;;1;;;;;;;;;;;;;;;
;;;;;;;;;;;;;;;;;2;;;1;1;;;;3;;;;4;;;;;;;2;1;;;;10;;;;1;;;;1;6;;;;;;;
;1;;;;;;;;;;;;;;;;;;;;;;;;;;;;;;;;;;;;;;;;;;;;;;;;;;;;;;;;
;;;;;;;;;;;;1;;;;;;;;;;;1;1;;;;;1;2;;4;3;;;1;;;;;1;;;;;;;;;;;2;;;;;
;;;;;;;;;;;;;;;;;;;;;1;3;;1;;;;3;7;3;;7;6;4;3;3;5;2;;3;4;1;;3;1;;;;;1;2;1;3;;;;1
1;2;;;1;2;;1;7;;;8;1;1;;;;1;1;3;;5;2;;1;;1;1;;1;;1;1;5;2;;;7;;;5;5;2;1;1;;3;;;;2;3;2;1;2;;;
;2;1;1;1;1;;;16;;1;3;2;2;1;;;2;2;;;6;;2;;5;3;;2;;;;2;4;2;3;;14;6;;14;4;3;;12;;2;;;;2;2;1;4;31;;;
;;1;;;2;1;;;;;;1;;;;1;1;1;;;49;;;;1;;;;26;1;;5;;1;;6;7;2;;4;8;4;;1;7;1;;;3;12;;2;8;1;;;
1;2;5;;;3;1;;4;;2;3;5;6;;;1;5;;3;;;2;1;;;10;;3;8;4;;2;4;12;;8;3;9;;3;25;9;1;;;1;;;2;14;;1;;;;;
2;;7;;;3;;;3;;;1;4;;7;;;4;1;3;;;;;8;6;6;;2;7;8;;22;8;8;;18;11;8;;8;31;11;;2;2;1;1;;1;12;;4;4;1;;;
;2;;2;1;1;;;13;;3;7;25;;1;1;1;6;1;3;;9;2;4;1;8;116;;1;183;64;;7;9;12;1;5;5;70;;3;57;73;;6;15;14;1;35;4;29;10;1;14;5;;;
;1;;5;;;;;;;;2;;;1;;;68;;;;8;;5;;4;;;4;19;;1;2;18;1;1;;61;;;9;31;;;;65;;;;;1;17;1;194;;;1;
;;;;1;;;;;;;;;;;;;;;;;;;;;;;;;2;;;;1;;;;;;;;1;;;;;;;;;;;;;;;;
;;;;;;;;;;;;;;;;;;;;;1;;;;;;;;;;;;;;;;;;;;;;;;;;;;;;;;;;;;
;1;3;;;;;;3;;;;1;;;;;;1;1;;;1;;;;1;;1;4;;;2;2;1;;1;1;2;;3;1;1;;4;;2;;;;7;3;2;2;1;;1;
;1;;;;;1;;7;;;4;1;3;;;;7;;2;;6;1;;;8;1;;2;45;3;;;12;5;;7;30;14;;52;61;6;;14;14;1;;;7;55;14;31;18;40;;;
;;;;;;;;;;;;;;;;;1;;1;;1;;;;2;;;;;;;;;1;;;1;;;1;;;;;;;;;;;;;1;;;;
;;;1;;;;;;;;;;;;;;;;;;;;;;;;;;;;;;;;;;;;;;;;;;;;;;;;;;;;;;
;;2;3;;6;;;5;1;;6;3;1;;1;1;18;1;4;;4;;4;;2;;6;;109;8;4;14;3;10;;11;6;7;;10;59;24;1;3;2;;2;;5;12;2;7;6;1;1;;
4;11;5;6;4;13;;2;30;4;11;16;14;8;2;2;8;40;11;8;;14;7;3;39;21;114;13;28;364;241;3;49;47;98;3;254;98;90;1;95;308;134;2;13;82;9;1;39;166;317;98;21;50;9;3;7;
;;;;;;;;1;;;;2;;;;;3;;;;;;;1;3;1;;1;1;;;7;4;6;;1;2;;1;;1;;;1;3;;;;;;;;;;;;
;2;7;;1;1;;;6;1;2;10;21;3;4;1;3;6;4;;;;;1;11;26;8;1;11;49;32;1;159;11;85;1;28;15;31;;17;65;11;;2;5;3;;1;8;16;6;1;8;5;;;
;;;;;;;;;;;;;;;;1;;;;;;;;;;;;;1;;;;;1;;;;;;;;;;;;;;;;;;;1;;;;
;3;8;;;;;;1;;;1;6;3;4;3;;1;;1;;;;;5;11;2;;2;27;16;;126;2;47;;38;8;14;;15;47;15;;1;3;2;1;;;33;1;15;5;;;9;
;;2;;;1;;;2;;;1;2;1;1;;;4;;;;;;;;4;;2;2;4;2;;34;3;15;;7;3;7;;6;26;;;2;;3;;;;2;;2;1;1;;;
;;;;;;;;;;;;;;;;;;;;;;;;;;;;;1;;;;;;;;;;;;;;;;;;;;;;;;;;;;1
;;;;;;;;;;;;;;;;;;;;;1;;;;;;;;;;;;;;;;;1;;;;;;;1;;;;;;;;;;;;
28;20;296;13;48;417;9;3;87;3;3;62;372;23;131;7;25;246;41;163;1;26;18;9;134;34;76;19;13;1180;566;11;221;53;247;4;1323;205;389;2;161;1234;1089;4;48;338;68;19;93;6612;1175;68;87;99;60;17;;
;97;;2;;1;;;;;;;;;;;;1;;;;1;;1;;2;;;;1;;;;;;;;;;;2;;;;;;;;;;;;;;;;;
;;;;;;;;;;;;;;11;1;;;;;;;;;;;;;;;;;;;;;;;;;;;;;;;;;;;;;;;;;;
;;1;;;2;;;;;;4;;;;;3;;;;;;;1;;;;1;;9;2;;6;;4;;2;3;3;;;4;;;1;;;;1;;2;;;;;;;
;;;;;;;;;;;;;;;;;;;;;;;;;;;;;;;;;;;;;;1;;;;;;;;;;;;1;;;;;;;
;;;;1;;;;1;;;1;5;;2;;;1;1;2;;1;1;1;1;;3;;;5;2;;2;2;6;3;4;6;3;;1;7;4;;3;1;4;;1;1;8;1;;1;;;;
11;4;17;3;16;46;;;1;;;;2;;3;1;;1;11;56;3;27;1;5;4;;1;;;15;1;1;;1;1;;;3;1;;;11;1;;1;;1;1;;2;15;2;1;;1;;;
2;;2;;1;1;1;;9;9;;20;32;6;2;1;1;2;1;1;;1;;;2;;7;1;7;13;2;1;10;;5;;9;1;36;4;18;16;31;5;5;7;;1;1;1;34;1;17;;2;;;1
3;61;25;228;9;257;2;15;15;3;22;85;24;131;8;4;3;252;8;195;;109;40;338;6;29;33;91;77;2285;30;397;21;164;102;79;187;203;59;11;39;2520;27;4;9;116;8;245;2;3321;532;84;21;910;11;38;;8
3;84;58;31;4;20;1;2;24;;1;43;26;4;28;3;25;448;8;24;;36;8;14;92;515;28;18;43;876;45;;126;113;75;15;154;248;78;8;238;1576;178;;37;213;18;;17;12;200;99;55;221;24;3;2;
;3;3;1;2;3;;;4;1;;6;7;2;9;2;2;5;;4;;2;;;14;8;13;4;;45;28;;47;2;27;2;30;11;32;1;15;32;47;;9;17;4;;7;9;63;5;12;3;7;2;;1
1;3;12;7;;4;1;1;19;;;8;16;6;6;;2;30;2;17;;3;5;10;11;5;20;5;3;137;51;2;69;25;50;1;43;39;67;;37;136;89;;8;8;5;;;6;45;6;18;44;12;;3;1
;;;;;;;;;;;;2;;;;;2;;;;;;;;1;;;3;1;1;;;2;1;;;3;1;;8;;2;;;;;;;;4;;;1;;;;
2;9;46;7;44;16;1;1;46;1;2;12;28;6;14;6;11;29;10;15;1;8;;4;52;16;108;7;18;266;27;;69;6;78;;155;18;40;3;45;180;31;1;51;11;13;;6;75;324;20;29;36;7;;;
;;;;1;1;;;4;;;3;4;;1;;;2;1;;;;;1;5;;3;;;27;3;;9;;10;;4;2;3;;1;16;3;;1;;;;;3;7;1;2;2;3;1;;
;1;2;;2;;;;1;;;1;3;;1;1;;2;;;;;;1;3;3;3;1;2;12;6;1;50;4;24;;20;4;6;;10;35;7;;1;4;;;1;12;12;1;3;2;;;;
;;1;;1;;;;;;;;;;;;;1;;;;;;;;;;;;1;1;;1;1;2;;1;;2;;2;2;;;;1;;;1;5;1;;;;;;;
;;;1;1;;;;;2;;3;1;1;;;;1;;3;;;;;;1;;3;;11;1;;1;3;7;;7;5;2;1;6;12;2;1;;6;;1;;5;4;5;;3;;1;;
;1;;;;1;;;;;;7;1;1;;1;;6;;1;;4;1;2;2;5;3;;4;20;1;2;;7;12;;10;21;3;;2;32;;;;1;2;;;;5;5;2;8;1;;2;
;;;;;;;;;;;;;;;;;2;;;;;;;;;;;;;;;1;37;;;;;;;1;2;;2;;;;;;;;;;;;;;
;;;;;;;;;;;;2;;;;;;;1;;;;;;;;;;;;;;2;;;;;;;;2;;;;;;;;;;;;;;;;
;2;3;3;;;1;;5;;;1;1;;;;;;2;;;13;1;1;;6;;;;2;4;;6;;6;15;1;2;2;;12;2;4;1;1;1;1;;;;3;1;;;;;1;
1;1;21;2;2;10;1;;86;2;3;45;49;6;5;;5;28;5;8;;5;9;21;34;47;47;15;56;148;121;5;227;63;146;2;89;52;206;4;59;116;188;;100;61;1595;10;10;14;90;12;63;30;101;8;;
;;;1;;;;;;;;;;;1;;;1;1;;;2;;;;;;;1;11;;;3;2;2;;3;1;;;2;5;;;;2;;;;14;4;2;1;;;;;
1;3;5;3;7;2;1;;3;;1;5;4;;8;;3;4;5;;;7;;;6;2;6;;3;37;11;1;16;11;7;;15;15;6;;13;42;7;;4;33;5;;6;33;39;15;;19;1;1;;
;;1;;;;;;;;;;;;;;;;;;;;;;;;;;;1;;;;;;;;;;;;;;;;;;;;;1;;1;;;;;
;1;;1;;;;;;;;1;;;;;;;;;;15;1;1;;1;;;;2;;1;;;;;;;;;1;2;;;;;3;;;;;;;;;;;
4;;36;;102;5;;;;;;;1;;4;;3;1;26;1;;;1;1;11;;4;;;5;17;;10;;2;;37;1;16;;3;3;25;;2;;13;;1;53;1;;;;1;;;
2;4;7;;6;1;1;1;6;;;4;8;;10;;4;;9;3;;6;1;;9;6;19;2;2;34;17;;33;;37;;70;;10;;4;24;22;;16;12;4;1;14;16;64;2;4;2;12;;;
;;;;;1;;;;;;;;;;;;;;;;;;;;;;;;;;;;;;;;;;;;;;;;;;;;;;;;;;;;
;;;;;;;;;;;;;;;;;;;;;;;;;;;;;;;;;;;1;;4;;;;;;;;;;;;;;;;1;;;;
;;12;;21;;;;;;;;1;;4;;;;2;;;;;;11;;2;;;;10;;9;1;6;;20;1;2;;1;;11;;;;7;;;6;;;1;;;;;
1;;20;;68;2;;;1;;;3;5;;7;;2;;3;;;;;1;12;2;2;;1;2;5;;18;1;3;;34;;16;;1;5;38;;1;8;14;;;8;1;1;2;1;;;;
1;3;13;2;2;4;;2;19;3;4;33;11;10;1;5;3;46;5;6;;12;6;37;9;49;39;11;33;195;27;4;44;13;44;3;89;69;67;;99;114;65;3;6;78;14;;3;302;67;66;22;104;6;14;1;2
;;;;;;;;;;;;;1;;;;;;;;3;;;1;1;1;;4;3;;;;;1;;1;;;;3;6;1;;1;;;;;8;1;5;;1;;;;
;;;;;;;;1;;;;;;;;;;;;;;;;;;;;1;;;;;;;;;;;;31;;;;3;;;;;2;7;;2;;1;;;
;;1;;;;;3;12;;;;;;2;;1;;;;;;;;1;;4;;;;3;;27;;1;;;1;1;;84;1;1;;13;;;;;3;48;;6;;9;;;
;7;2;3;7;;;;1;;1;2;1;;5;;;2;3;1;;8;;;3;3;3;1;;107;2;1;2;2;5;1;26;11;3;;2;90;2;;;4;3;;;;8;9;1;3;2;;;
2;12;6;10;22;;;;3;;;58;5;3;2;3;1;9;;22;;22;;1;22;24;32;61;6;273;4;4;9;7;23;1;103;20;12;9;12;299;5;2;2;27;3;2;3;30;23;69;5;57;7;33;4;
1;;3;1;3;1;;;;;;;;;3;;1;;;;;;;;3;;1;;1;8;3;;7;;5;;32;2;1;;;3;1;;3;3;;;;5;34;2;;;1;;;
;;;;;;;;;;;;;;;;1;;;;;;;;;;;;;;;;;;;;;;;;1;;;;;;;;;;;;;;;;;
;2;1;;1;1;;;3;;;3;4;3;;;;5;2;4;;;1;;;4;4;1;1;14;4;3;40;1;29;1;18;12;9;;2;35;12;;;1;5;;;14;16;1;2;2;1;;;
;;;;;;;;;;;;;;;;;;;;;;;;;;;;;;;;;;;;;;;;1;;;;;;;;;;;;1;;;;;
;;;;;;;;;;;;;;;;;;;;;;;;;;;;;;;;;;;;;;;;4;;;;1;;;;;;;;;;;;;
;;;;;;;;;;;;;;;;;;;;;;;;;;;;;;;;;;;;;;;;1;;;;;;;;;;;;1;;;;;
;;;;1;;;;;;;;;;;;;;;;;;;;;;;;;;;;;;;;;;;;;;;;;;;;;;;;;;;;;
1;;16;4;10;8;;;33;;1;20;37;2;61;3;5;81;7;109;;3;2;3;10;23;6;5;6;1958;36;;210;56;191;3;35;74;133;;70;873;436;;8;18;7;1;14;1091;83;3;45;54;20;1;;
;1;3;3;3;3;1;;7;;;2;11;4;3;1;3;83;;7;;5;;5;3;24;2;1;4;313;11;;65;38;29;2;12;68;22;;55;159;36;;3;29;1;1;8;888;52;6;7;39;2;;1;1
1;14;11;50;14;;2;;1;4;14;;5;6;;;;3;17;1;;41;13;2;8;7;2;2;2;70;6;3;9;9;11;5;4;1;3;1;3;7;;3;5;3;5;65;;3;6;10;;2;1;1;;
68;101;226;78;15;628;12;4;151;14;110;548;327;68;235;63;90;1823;207;131;1;180;239;379;382;459;782;137;395;14447;680;83;820;364;1422;172;1298;2712;1408;7;1692;4613;1058;20;354;695;71;1271;118;458;1953;4861;634;2658;153;17;;1
2;3;8;2;1;17;;1;4;;;10;;6;4;;2;30;2;4;1;2;;3;9;1;7;8;2;395;3;3;4;2;54;;19;11;7;8;7;69;8;;4;88;2;2;2;175;57;24;3;44;1;;;
11;29;41;14;11;24;2;2;298;2;3;147;61;49;34;4;17;333;39;15;2;29;8;109;65;89;188;11;194;867;110;19;145;140;407;83;216;852;247;;2658;570;163;5;234;58;20;60;5;57;520;238;363;311;336;2;;
2;;4;;;1;;;3;;1;5;;4;1;;2;;;1;;1;;1;6;1;2;1;6;13;1;;7;2;12;1;21;5;1;;36;14;2;;3;4;1;;;13;54;4;11;3;1;;2;
10;36;95;4;47;344;6;4;42;1;4;33;102;2;47;;18;133;126;211;4;53;43;48;74;27;61;15;16;1604;136;8;117;56;191;6;285;51;110;;35;1304;204;;47;229;28;1;;241;404;53;51;230;27;4;;
2;8;6;3;4;19;;1;7;4;1;32;14;;19;;5;65;7;5;;44;2;16;10;7;10;15;7;774;13;2;29;3;32;2;43;23;18;;18;408;29;1;8;106;5;;6;77;62;40;6;86;5;6;;
;;;;;;;;;;;;;;;;;;;;;;;;;;;;;;1;;;;;;;;;;;1;;;;;;;;;;;;;;;;
;;;;;3;;;;;;;;;;;;5;;1;;4;;;;;;;;;;;;;;;;;;;;;1;;1;;;;;1;;3;;;;;;
;2;;;;;;;;;;2;2;;;;;1;;;;;;1;;;1;;;3;2;;;;1;;3;;;;6;1;3;;1;;;;1;1;1;1;1;;2;;;
;;;;;;;;;;;;;;;;;;;;;;;;;;;;;9;;;;;2;;4;;;;1;4;;;;;;;1;;1;;;;;;;
;;;;;;;;;;;;;;;;;;;;;;;;;;;;;;;;;;;;;;;;;;;;;1;;;;;;;;1;;;;
;;;;;2;;;;;;;;;;;;;1;;;1;;;;;;;;4;;;;;;;;;;;;;;;;;;;;;;;;;;;;
;2;;3;;1;;;1;3;;1;;;;;1;4;1;;;6;1;6;3;4;;;;54;;;1;2;9;1;5;8;;;10;32;;;;8;1;1;;10;4;11;2;13;;;1;
;3;;1;2;3;;;;;;;;;3;;;3;;;;2;1;;1;;3;;;47;1;;3;1;1;;6;2;3;;;8;3;;;2;;1;;7;6;;1;6;;;;
;;1;;1;1;;;1;;;1;4;;;;;7;;;;2;;;2;1;;1;;58;3;2;4;5;8;;6;3;1;1;1;40;;;;7;;1;;1;7;;;8;2;;;
;;;22;;;;;;;;54;;7;1;1;;114;2;13;;7;;7;;8;1;36;1;1985;;27;3;1;10;7;9;79;3;;2;506;;3;2;8;;58;;2;17;17;2;462;;18;;
5;18;37;2;8;168;3;9;123;1;27;110;34;29;12;1;;326;7;113;;30;7;14;44;33;110;91;19;4312;134;6;98;32;415;8;191;129;95;1;199;2045;184;15;41;4;19;1;;70;255;47;103;142;100;21;;
;7;3;9;1;15;;;4;;7;13;7;2;;1;2;117;1;7;;18;18;51;1;30;;3;22;509;1;1;5;64;30;9;34;23;4;5;39;370;8;;17;112;;1;4;253;30;44;4;62;5;;;
;;;;;2;;;;;;1;;;;;;1;;;;1;;2;;;;1;;14;;2;;1;;;;2;2;;;4;;;;;;;;2;;;2;;;;;
17;86;474;51;39;114;8;4;150;;9;42;342;46;256;28;12;542;53;127;;49;61;50;266;157;298;22;107;1386;1206;6;1038;139;958;16;1592;377;498;;693;1461;904;4;130;142;116;3;5;439;1068;174;177;340;54;1;14;606
344;38;1289;34;166;91;34;27;961;9;40;668;927;134;627;47;364;7469;933;99;36;59;67;75;1621;3535;1280;64;2631;6768;2613;17;5455;960;3288;47;3840;3874;7031;3;6294;1869;9004;2;559;4607;1377;40;416;76;5297;336;1121;1059;461;21;430;89
6;1;24;5;8;3;;1;24;;2;23;8;5;14;7;12;90;17;5;;1;3;;35;48;39;4;14;598;63;2;83;22;76;1;109;24;234;;56;92;197;;11;53;31;2;8;1;95;8;16;19;21;;;
24;36;154;3;88;25;7;14;160;4;20;53;182;25;93;5;92;62;97;19;3;35;11;7;421;90;441;11;120;596;848;6;891;27;756;5;984;69;1324;1;273;549;953;9;180;72;121;15;40;107;919;43;227;122;78;4;177;20
3;4;4;1;6;1;;;5;;;1;4;1;4;1;;9;3;5;;15;;;4;1;2;;1;59;12;;13;3;15;1;32;8;12;;5;50;12;;;6;5;;4;29;39;6;1;12;2;1;;
;;1;;;;1;;1;;;1;;;;1;;2;;1;;;1;;2;2;1;;;4;4;1;6;1;8;;2;;7;;;5;5;;1;;;;;2;6;2;2;;1;;1;
1;;1;1;1;;;;;;;;;;1;;;3;2;;;1;;;;;4;;1;18;2;;1;;;;4;4;1;;1;7;9;;;2;;;;16;7;2;;;;;;
;112;;2;;;;;1;2;;;;;;;;;;;;26;;;;;;;;15;;1;;;;;;1;;1;;2;;4;;1;3;;;16;;;;;;;;
;;;;;;;;;;;;;;;;;3;;;;;;;;;;2;;4;;;;3;;;;;;;4;1;;;;6;;;;;;3;1;3;;;;
;1;1;3;2;2;2;;78;1;3;11;36;1;5;;1;12;4;6;;19;2;10;5;10;43;3;4;80;101;1;23;39;40;1;26;66;124;2;90;100;88;1;17;50;11;;30;45;43;22;10;42;59;3;;
;55;8;24;;14;;1;3;11;1;58;4;3;;3;;15;3;10;;28;4;3;2;49;11;132;6;4523;39;85;22;98;123;22;21;44;41;392;7;1043;18;502;141;362;;;43;5107;47;28;12;164;12;197;;
;;2;;;3;;2;2;;;8;3;5;1;;;4;1;;;;;;1;6;2;9;1;5;2;;9;1;12;;16;10;6;;7;31;24;1;;;1;1;;2;5;;2;2;1;;;
;;;;4;;;;9;;;1;4;;1;;;;1;;;1;;;2;;5;;1;19;50;2;6;3;;;12;3;57;;1;19;30;;2;;15;1;5;;9;3;;2;1;;;
;2;1;3;3;1;;;;;;;;;1;;;21;;1;;4;;1;2;4;;;15;5;3;1;3;18;5;1;7;43;;;18;10;2;;;4;;;;;3;14;;28;;;;7
12;29;5;62;2;3;1;4;22;4;2;39;5;2;3;1;4;6;23;6;;62;19;43;37;45;152;2;47;265;32;19;48;80;179;123;70;79;121;16;21;59;44;2;66;35;16;;6;7;53;59;30;60;29;7;12;9
;3;;3;1;;;;1;;;;;;;;;;;;;9;;;;1;1;;;1;;;;1;;;;;;;;1;1;;2;;1;;;1;;;;;;;;
;3;;;;;;;;;;;;;;;1;;;;;;;;;5;1;;11;9;1;;1;1;1;;1;;5;;;1;1;;;;8;1;;;2;;3;;2;;;
;14;;4;;;;;;;;;;;;;;;;;;;;;;;;;;7;;;;;;;;;;;;;;;;;;;;;;;;;;;;
;;;;;2;;;;;2;1;3;3;;;2;1;;;;;7;;;;2;;3;15;3;;11;2;10;;6;2;7;;3;10;3;;2;2;;1;8;;6;5;4;1;3;;;
;3;;4;;3;;;;1;1;72;;2;;;1;6;;5;;14;;2;;5;1;9;;204;4;42;3;19;6;4;1;27;7;;1;129;4;2;1;2;2;;;56;8;24;2;20;1;12;;
;;;;;;;;;;;;;1;;;;;;;;;;;;;;;;1;;;;;;;;2;;;;2;;;;;;;;;;1;;;;;;
;;2;1;1;;;;10;;1;7;11;4;3;2;1;8;1;1;;4;;;11;6;18;2;8;61;42;;64;22;42;;22;19;50;;9;30;58;1;6;4;5;;2;11;30;5;9;23;1;;3;
;;8;;;1;;5;100;31;3;69;22;29;;;2;7;;2;1;1;5;29;55;84;24;5;125;51;42;11;50;77;117;13;31;123;229;34;299;65;284;12;361;58;33;;178;92;116;62;171;25;249;37;;
4;;2;;;3;;6;12;1;;468;3;58;;;9;4;;4;;;3;;20;1;13;1;4;279;2;54;28;1;491;6;5;1;14;1;3;44;15;9;4;;63;;1;1;9;1;70;4;11;15;5;
;;;;;;;;;1;;;;;;;;3;;;;1;;;;;;1;;1;;;;;;;;2;3;1;;1;2;;;2;;;;;;;;;;2;;
;1;3;;2;1;;;5;;;2;4;;1;;;3;;2;;;;;6;;4;;3;24;5;3;28;5;12;;7;1;11;1;4;16;15;;;1;4;;2;1;11;1;4;5;2;;;
;2;6;2;1;9;1;;4;2;3;19;3;;4;;8;29;5;2;;3;1;2;18;3;17;7;15;205;16;;50;5;55;5;33;19;23;;13;89;14;;6;4;6;;1;35;72;12;7;27;3;1;;
;2;1;1;;;;;;;;;;;;;;;;;;5;;;;1;;;;2;;;;;;;1;;;;;1;;;;5;;;;;;2;;;;;;
;;;;;2;;;4;;;;4;;2;;1;1;;;;1;;1;;;;;;;;;;;;;;;;;;;;;;;;;;;;;;;;;;
;;1;;;2;;;4;;;;3;;2;;2;1;;;;;;;7;1;5;;1;7;15;;16;1;7;;13;1;9;;2;3;13;;3;7;4;;;6;32;3;4;;4;;;
2;4;2;4;13;45;;;22;1;1;43;5;7;6;6;1;10;6;30;1;12;3;7;3;2;19;13;6;188;7;11;8;13;26;4;38;33;26;6;13;111;26;3;11;23;4;3;10;215;90;23;4;31;20;11;;2
1;3;6;10;7;24;;;4;;;8;3;;;;5;4;1;12;1;11;2;3;3;6;;1;12;222;;;14;3;11;;57;24;11;4;7;140;19;1;4;26;3;2;3;64;53;1;3;12;;1;;9
;;1;;;;;;3;;;;1;;;;;1;3;;;1;;;1;1;1;;3;24;;1;2;2;1;;4;4;2;;1;11;;;1;2;;;;;4;3;;3;;;;
1;2;1;;2;;;;9;;2;5;3;2;;;;3;3;3;;6;;;5;1;12;;1;153;22;1;10;4;15;;22;8;19;;39;103;12;;9;3;1;;13;24;93;2;18;11;23;;;
;;1;;;;;;1;;;;;;;;;;1;;;1;1;;;1;2;;;8;;;1;;3;;;2;5;;6;1;1;;1;;1;;;;3;1;3;1;3;;;
;;1;;;;;;1;;;1;1;1;;;2;1;;;;;;;1;1;;;;;1;;3;;;;;;2;;3;;1;;1;;1;;1;;3;;1;;1;;;
1;2;;;;1;;1;;;;;3;;;;2;10;2;;;3;2;;;;;;;;;;;;;;;;;;;;;;;;;;;;;;;;;;;
;;;1;1;1;;;2;;;;1;;;;;16;5;1;;3;5;;;;;;;;;;;;;;;;;;;;;;;;;;;;;;;;;;;
2;1;2;;;2;;1;1;1;;23;;18;1;;2;1;4;2;1;;;;3;5;14;1;2;5;17;1;96;2;27;;8;10;42;4;5;13;23;2;4;4;;1;4;2;20;1;7;3;;1;;
5;9;1;1;3;1;;;1;;2;7;1;8;2;;26;12;15;1;;7;1;3;6;95;64;1;59;10;4;;14;5;47;1;9;28;84;;14;6;16;;6;17;3;3;7;;32;37;1;47;1;;5;22
;;;;;;1;;1;;;;1;;;;;5;;;;;;;;2;1;;;1;4;;6;;2;;4;2;;;15;8;2;;;1;;;;;74;3;1;3;1;;;
;;;;;;;;;;;;;;;;;1;;;;;;;;;;;;;1;;;;;;;;;;;;;;;;;;;;;;;;;;;
7;3;10;2;7;2;1;2;64;6;8;59;40;25;23;1;9;20;3;4;;2;4;1;35;52;106;8;134;79;170;9;175;29;196;4;166;65;263;3;623;77;278;1;75;18;17;9;83;270;208;45;116;67;119;3;;
;;;;;3;;;1;2;;9;1;1;;;1;4;;2;;4;;1;;;;4;2;17;;3;;5;3;;4;16;3;;10;92;1;2;;15;;;;14;5;8;1;7;;6;;
;;;2;;;;;;;;;;;;;;2;;;;1;;;;1;;;;3;;;;6;;;;5;;;5;6;;;;4;;;;;;1;;2;;;;
;;;;1;;;;1;;;1;;;;;;4;;;;1;1;;;1;2;;2;57;;;;29;3;3;2;63;;;5;26;;1;2;1;;;;3;4;3;;6;1;;;
;1;;;;;;;;;;4;;;;;;;1;;;;;;;;1;1;;8;;;;1;5;;9;2;2;1;6;11;;;;1;;;;1;3;3;1;2;;;;
;;;;;;;;;;;;;;;;;20;;;;2;;1;;;;;;2;;1;;;;;;;;;;1;;1;;;;;;;1;;;;;;;
;;;;;;;;;;;;;;;;;;;;;1;;;;;;;;;;;;;;;;;;;;;;;;;;;;;;;;;;;;
;;;;;1;;;;;;;;;;;;;;;;;;;;;;;;2;;;;;1;;1;;;;;1;;;;;;;;;1;;;1;;;;
;;;;;;;;3;1;;2;4;;;;;5;;1;;1;2;;;;1;;1;17;;;1;1;;;;3;1;;8;16;9;;1;4;;;;2;5;;;7;1;;;
;;;;;;;;;;;;1;;;;;;;;;;;;;;;;;;;;;;;;;;;;2;1;;;;;;;;;1;;;;;;;
;;1;;1;;;;;;;;;;;;;2;;;;;;;;;;;;;2;;1;;;;;;;;3;4;;;;;;;;;2;;1;1;;;;
;137;1;72;17;;;;;;;;;;1;;;5;2;1;;226;;;;2;;;1;6;;;;;;2;;1;;;2;2;;;;;1;;;1;2;1;1;;;;;1
;;;;;;;;4;;;;1;;;;;1;;;;;;5;;3;;;;19;1;;4;10;;2;;1;2;;;6;1;;1;1;26;;;;1;;;5;2;;;
;;;;1;;;;6;;1;6;4;;1;;3;1;2;1;;2;1;;8;1;21;;3;16;8;;13;;18;;20;3;14;;4;13;12;;11;2;1;;;5;10;3;9;2;1;1;2;
;1;;;;1;;;;;;;2;;1;;;1;;;;;;;1;;;1;;10;3;;3;;5;;4;2;4;;1;;3;;2;1;1;;1;7;7;1;;2;1;;;
;;;;;;;;;;;;;;;;;1;;;;;;;;;;;;;;;;;;;1;;;;;;;;;;;;;;;;;;;;;
;;;;;;;;;;;;1;;;;;;;;;;;;;;;;;1;;;;;;;;;;;;1;;;;;;;;;1;;;;;;;
;1;1;;1;1;;;2;;;2;1;;1;;;2;;1;1;2;;1;1;1;1;;1;12;1;1;;3;1;;1;6;4;;7;14;1;;;7;3;;;31;3;4;;1;4;;;
;;1;;;;;;;;1;;;;1;;2;2;;1;;;1;1;;;;;1;7;2;;1;1;1;;8;8;1;;4;9;2;;;;;;;21;2;;;;2;;;
;;;;1;1;;;1;;;;1;;;;;;;;;;;1;;;;1;;2;;2;;;;;1;;;;1;3;;;;1;;;1;2;;1;;5;;;;
2;1;;;;;;;;;;;;;;;4;9;4;1;;;;;;;;;;;;;;;;;;;;;;;;;;;;;;;;;;;;;;
;;1;9;1;3;1;;38;;;18;4;;1;1;1;2;3;8;;4;1;2;1;9;65;5;25;350;28;5;15;7;7;2;12;24;32;;17;31;8;;3;1;214;;5;61;97;48;1;22;8;1;1;
21;31;89;7;59;26;5;1;44;;;1;39;4;1;;7;25;40;10;1;10;3;24;13;1;11;;10;39;21;;46;10;24;2;52;7;18;;15;24;35;;6;6;5;1;;;18;6;3;5;2;;138;89
;;;;;;;;;;;;;;;;;8;;;;;;;;5;;;;5;;;;;;;;;;;;;;;;;;;;;;;;;;;;
;2;6;;1;2;;;1;;;;4;3;4;;;4;2;1;;1;2;2;8;3;;;3;29;1;;13;4;6;;13;7;3;;8;51;3;;4;;1;;;2;12;;5;2;2;;;
1;;1;;2;;;;1;;;;1;;4;;1;12;4;;;2;1;2;;1;5;0;2;0;5;4;;3;1;;1;1;7;;;1;3;;;3;;;;;;2;1;;;;;
1;;;;1;;1;;2;;1;;;;;;1;;;;;;;;1;;;;4;;;;1;;1;;5;1;;;29;1;;;2;;;;1;;7;;1;;;;;
;;;;;1;;;2;;;;1;;;;;;;;;;;;;;;;4;1;;;;1;;;11;;1;;13;1;;;1;;;;;;5;;;;2;;;
;3;;1;;;;;;;;1;;;1;;2;8;;;;1;;;;1;5;1;1;14;2;;8;2;1;;7;6;4;;;23;;;;2;;1;;;3;;;4;;;;
;1;;;2;;;;1;;;;2;1;;;;1;;;;;;;;;;;;;;;;;;;;;;;;;;;;;;;;;;;;;;;;
;;;;;;;;;;;;1;;;;;1;;;;;;;;5;;;2;3;1;;11;;6;;3;5;2;;6;11;;;;;1;;;;4;2;3;3;;;6;
;;;;;;;;;8;;;;1;;1;;24;;;;50;;14;;;;;1;1;;;;;1;1;;;;;1;1;;15;;1;;;;;;3;;6;;;;
;;;;;;;;;;;;;;;;;1;;;;14;;;;;;;;;;;;;;;;;;;;;;;;;;;;;;;;;;;;
;7;2;9;15;;;;5;;;1;;;;;;3;;1;1;7;;9;;2;1;;10;18;3;;12;5;1;;16;15;;;5;;1;1;2;15;;;1;;3;16;2;8;;;;
7;67;18;49;286;7;8;1;104;6;2;12;46;4;7;2;5;56;55;15;2;21;3;139;28;21;152;4;228;133;105;11;146;66;51;6;204;232;123;6;97;26;27;2;90;199;2;;27;13;46;220;21;85;14;3;;1
;;2;1;;;2;;4;;;;2;;;;;;7;3;;;;;;;11;1;26;62;39;;48;18;1;;4;;;;79;131;4;1;16;2;;;2;4;36;;7;2;16;1;;
;1;2;;;1;;;6;;2;4;1;;1;;;1;1;1;;;;5;2;6;;;7;48;20;2;17;16;11;3;3;16;10;;2;18;22;;4;10;3;;1;;5;5;;7;3;;;
;4;;2;;;;;1;;;;;;2;;;8;1;;;1;1;5;;6;;;3;26;;;2;22;;1;1;15;1;;9;10;;;1;2;1;;;;1;4;;18;1;;;
;;;;;;;;;;;;;;;1;;;;;;;;2;;;;;1;1;;;;;2;;;1;2;;;2;;;;;;;;;2;1;;1;;;;
;4;;2;;;;;;;;;1;1;;;1;;;1;;1;1;;;;;;;;;;;;;;;;1;;;;;;;;;;;;;;;;;;;
2;;5;;;;;;1;2;;8;;;1;;1;1;;1;1;2;;;2;;2;;4;2;8;;18;;4;;30;;8;;14;3;;;1;2;;;;6;11;;1;;;;;
;;;;;;;;;;;;1;;;;;;;;;;;;1;;;;;;1;;1;;1;;2;;6;;1;;1;;2;;;;;;6;;1;;;;;
2;;3;;;;;;1;2;;;;;1;;2;1;5;1;1;1;;;;;;;;;;;;;;;;;2;;;4;5;;2;;2;;;5;17;;11;;;;;
;;;;;;;;;;;;1;;;;;1;;;;;;;;;;;;;;;;;;;;;;;;;;;;;;;;;;;1;;;;;
;2;;;;;;;;;;;;;;;;2;;;;;;;;;;;;8;1;;;1;;;;2;;;2;36;8;;;1;;;;1;;2;;;;;;
;1;;;1;;;;;;;;2;1;1;;;1;;;;;;;3;;;;;29;2;;3;3;2;;8;;1;;8;11;2;;;3;;;;5;9;;1;1;;;;
;1;;3;5;;;;;1;;;;1;;;;;;;;7;;;1;1;;;1;1;1;;17;1;6;;6;1;;;3;2;;;2;;;3;;;6;;1;2;;;;
;;;;;;;;;;;;;;;;;1;;;;;;;;1;1;;;3;;;;;;;;;;;;;;;;;;;;;;2;31;;;;;
;;;;;;;;;;2;;;;;;1;;;;;;1;;3;1;;1;7;0;;;1;;;1;1;;;;;;;;;;;;;;5;3;3;4;1;;;
;;;;;;;;2;;;;;;;;2;;;;;;;;2;1;;1;;9;5;;21;2;3;;6;8;2;;10;;4;;;;1;;;;5;;2;7;;;;
1;;1;;;;;;2;;;1;1;2;;;;1;2;1;;1;;;3;4;1;;;9;2;;2;2;;7;;5;3;;1;1;6;;;;;;;;6;3;1;7;;;;
